id, timestamp, converged, ram_VmSize, ram_VmRSS, gpu_total, gpu_fest, gpu_pose_est, tf_row1, tf_row2, tf_row3, tf_row4, timestamp_post_capture, timestamp_post_fest, timestamp_post_pose_est, successful_count
1, 2024-09-09 07:36:05.492 UTC, 0, 16845479936, 176713728, 50791680, 40488960, 368640, 0 0 0 0, 0 0 0 0, 0 0 0 0, 0 0 0 0, 2024-09-09 07:36:05.532 UTC, 2024-09-09 07:36:05.636 UTC, 2024-09-09 07:36:06.322 UTC, 0
2, 2024-09-09 07:36:06.322 UTC, 0, 16846204928, 177442816, 51375360, 41594880, 18446744073709398016, 0 0 0 0, 0 0 0 0, 0 0 0 0, 0 0 0 0, 2024-09-09 07:36:06.355 UTC, 2024-09-09 07:36:06.413 UTC, 2024-09-09 07:36:06.872 UTC, 0
3, 2024-09-09 07:36:06.873 UTC, 0, 16846934016, 178139136, 52224000, 42266880, 23040, 0 0 0 0, 0 0 0 0, 0 0 0 0, 0 0 0 0, 2024-09-09 07:36:06.902 UTC, 2024-09-09 07:36:06.972 UTC, 2024-09-09 07:36:07.539 UTC, 0
4, 2024-09-09 07:36:07.540 UTC, 0, 16846934016, 178204672, 52108800, 42347520, 18446744073709378816, 0 0 0 0, 0 0 0 0, 0 0 0 0, 0 0 0 0, 2024-09-09 07:36:07.569 UTC, 2024-09-09 07:36:07.615 UTC, 2024-09-09 07:36:07.978 UTC, 0
5, 2024-09-09 07:36:07.979 UTC, 0, 16846934016, 178536448, 52108800, 42144000, 30720, 0 0 0 0, 0 0 0 0, 0 0 0 0, 0 0 0 0, 2024-09-09 07:36:08.008 UTC, 2024-09-09 07:36:08.080 UTC, 2024-09-09 07:36:08.646 UTC, 0
6, 2024-09-09 07:36:08.646 UTC, 0, 16914042880, 179208192, 52235520, 42193920, 107520, 0 0 0 0, 0 0 0 0, 0 0 0 0, 0 0 0 0, 2024-09-09 07:36:08.674 UTC, 2024-09-09 07:36:08.718 UTC, 2024-09-09 07:36:09.067 UTC, 0
7, 2024-09-09 07:36:09.067 UTC, 0, 16914042880, 179785728, 52396800, 41994240, 468480, 0 0 0 0, 0 0 0 0, 0 0 0 0, 0 0 0 0, 2024-09-09 07:36:09.095 UTC, 2024-09-09 07:36:09.174 UTC, 2024-09-09 07:36:09.875 UTC, 0
8, 2024-09-09 07:36:09.875 UTC, 0, 16914042880, 179830784, 53341440, 42370560, 1036800, 0 0 0 0, 0 0 0 0, 0 0 0 0, 0 0 0 0, 2024-09-09 07:36:09.903 UTC, 2024-09-09 07:36:09.960 UTC, 2024-09-09 07:36:10.403 UTC, 0
9, 2024-09-09 07:36:10.404 UTC, 0, 16914042880, 179785728, 52573440, 43061760, 18446744073709129216, 0 0 0 0, 0 0 0 0, 0 0 0 0, 0 0 0 0, 2024-09-09 07:36:10.430 UTC, 2024-09-09 07:36:10.497 UTC, 2024-09-09 07:36:11.029 UTC, 0
10, 2024-09-09 07:36:11.030 UTC, 0, 16914042880, 179736576, 52646400, 42766080, 18446744073709497856, 0 0 0 0, 0 0 0 0, 0 0 0 0, 0 0 0 0, 2024-09-09 07:36:11.057 UTC, 2024-09-09 07:36:11.127 UTC, 2024-09-09 07:36:11.701 UTC, 0
11, 2024-09-09 07:36:11.702 UTC, 0, 16914042880, 179720192, 52569600, 42708480, 18446744073709478656, 0 0 0 0, 0 0 0 0, 0 0 0 0, 0 0 0 0, 2024-09-09 07:36:11.730 UTC, 2024-09-09 07:36:11.771 UTC, 2024-09-09 07:36:12.087 UTC, 0
12, 2024-09-09 07:36:12.088 UTC, 0, 16914042880, 179662848, 52788480, 42704640, 149760, 0 0 0 0, 0 0 0 0, 0 0 0 0, 0 0 0 0, 2024-09-09 07:36:12.113 UTC, 2024-09-09 07:36:12.179 UTC, 2024-09-09 07:36:12.738 UTC, 0
13, 2024-09-09 07:36:12.739 UTC, 0, 16914042880, 179593216, 52888320, 42800640, 153600, 0 0 0 0, 0 0 0 0, 0 0 0 0, 0 0 0 0, 2024-09-09 07:36:12.766 UTC, 2024-09-09 07:36:12.850 UTC, 2024-09-09 07:36:13.543 UTC, 0
14, 2024-09-09 07:36:13.543 UTC, 0, 16914042880, 179539968, 52876800, 42808320, 134400, 0 0 0 0, 0 0 0 0, 0 0 0 0, 0 0 0 0, 2024-09-09 07:36:13.569 UTC, 2024-09-09 07:36:13.633 UTC, 2024-09-09 07:36:14.189 UTC, 0
15, 2024-09-09 07:36:14.189 UTC, 0, 16914042880, 179470336, 53022720, 43253760, 18446744073709386496, 0 0 0 0, 0 0 0 0, 0 0 0 0, 0 0 0 0, 2024-09-09 07:36:14.215 UTC, 2024-09-09 07:36:14.296 UTC, 2024-09-09 07:36:14.976 UTC, 0
16, 2024-09-09 07:36:14.976 UTC, 0, 16914042880, 179421184, 53299200, 43253760, 111360, 0 0 0 0, 0 0 0 0, 0 0 0 0, 0 0 0 0, 2024-09-09 07:36:15.001 UTC, 2024-09-09 07:36:15.065 UTC, 2024-09-09 07:36:15.556 UTC, 0
17, 2024-09-09 07:36:15.557 UTC, 0, 16914042880, 179363840, 52800000, 43457280, 18446744073708960256, 0 0 0 0, 0 0 0 0, 0 0 0 0, 0 0 0 0, 2024-09-09 07:36:15.582 UTC, 2024-09-09 07:36:15.646 UTC, 2024-09-09 07:36:16.160 UTC, 0
18, 2024-09-09 07:36:16.161 UTC, 0, 16914042880, 179326976, 52853760, 42892800, 26880, 0 0 0 0, 0 0 0 0, 0 0 0 0, 0 0 0 0, 2024-09-09 07:36:16.186 UTC, 2024-09-09 07:36:16.229 UTC, 2024-09-09 07:36:16.567 UTC, 0
19, 2024-09-09 07:36:16.567 UTC, 0, 16914042880, 179286016, 52615680, 43057920, 18446744073709175296, 0 0 0 0, 0 0 0 0, 0 0 0 0, 0 0 0 0, 2024-09-09 07:36:16.592 UTC, 2024-09-09 07:36:16.648 UTC, 2024-09-09 07:36:17.058 UTC, 0
20, 2024-09-09 07:36:17.058 UTC, 0, 16914042880, 179216384, 53533440, 42850560, 748800, 0 0 0 0, 0 0 0 0, 0 0 0 0, 0 0 0 0, 2024-09-09 07:36:17.086 UTC, 2024-09-09 07:36:17.180 UTC, 2024-09-09 07:36:17.996 UTC, 0
21, 2024-09-09 07:36:17.996 UTC, 0, 16914042880, 179171328, 53587200, 43676160, 18446744073709528576, 0 0 0 0, 0 0 0 0, 0 0 0 0, 0 0 0 0, 2024-09-09 07:36:18.022 UTC, 2024-09-09 07:36:18.072 UTC, 2024-09-09 07:36:18.479 UTC, 0
22, 2024-09-09 07:36:18.479 UTC, 0, 16914042880, 179142656, 53552640, 43822080, 18446744073709348096, 0 0 0 0, 0 0 0 0, 0 0 0 0, 0 0 0 0, 2024-09-09 07:36:18.505 UTC, 2024-09-09 07:36:18.535 UTC, 2024-09-09 07:36:18.825 UTC, 0
23, 2024-09-09 07:36:18.826 UTC, 0, 16914042880, 179191808, 53610240, 43691520, 18446744073709536256, 0 0 0 0, 0 0 0 0, 0 0 0 0, 0 0 0 0, 2024-09-09 07:36:18.852 UTC, 2024-09-09 07:36:18.881 UTC, 2024-09-09 07:36:19.136 UTC, 0
24, 2024-09-09 07:36:19.136 UTC, 0, 16914042880, 179154944, 53863680, 43680000, 249600, 0 0 0 0, 0 0 0 0, 0 0 0 0, 0 0 0 0, 2024-09-09 07:36:19.163 UTC, 2024-09-09 07:36:19.207 UTC, 2024-09-09 07:36:19.562 UTC, 0
25, 2024-09-09 07:36:19.562 UTC, 0, 16914042880, 179359744, 53598720, 43568640, 96000, 0 0 0 0, 0 0 0 0, 0 0 0 0, 0 0 0 0, 2024-09-09 07:36:19.588 UTC, 2024-09-09 07:36:19.654 UTC, 2024-09-09 07:36:20.183 UTC, 0
26, 2024-09-09 07:36:20.183 UTC, 0, 16914042880, 179302400, 53383680, 43511040, 18446744073709490176, 0 0 0 0, 0 0 0 0, 0 0 0 0, 0 0 0 0, 2024-09-09 07:36:20.209 UTC, 2024-09-09 07:36:20.278 UTC, 2024-09-09 07:36:20.883 UTC, 0
27, 2024-09-09 07:36:20.884 UTC, 0, 16914042880, 179253248, 55553280, 43426560, 2192640, 0 0 0 0, 0 0 0 0, 0 0 0 0, 0 0 0 0, 2024-09-09 07:36:20.911 UTC, 2024-09-09 07:36:21.011 UTC, 2024-09-09 07:36:21.904 UTC, 0
28, 2024-09-09 07:36:21.905 UTC, 0, 16914042880, 179355648, 53667840, 43687680, 46080, 0 0 0 0, 0 0 0 0, 0 0 0 0, 0 0 0 0, 2024-09-09 07:36:21.931 UTC, 2024-09-09 07:36:22.013 UTC, 2024-09-09 07:36:22.643 UTC, 0
29, 2024-09-09 07:36:22.643 UTC, 0, 16914042880, 179318784, 53779200, 43802880, 42240, 0 0 0 0, 0 0 0 0, 0 0 0 0, 0 0 0 0, 2024-09-09 07:36:22.669 UTC, 2024-09-09 07:36:22.721 UTC, 2024-09-09 07:36:23.119 UTC, 0
30, 2024-09-09 07:36:23.119 UTC, 0, 16914042880, 179253248, 53291520, 43941120, 18446744073708967936, 0 0 0 0, 0 0 0 0, 0 0 0 0, 0 0 0 0, 2024-09-09 07:36:23.146 UTC, 2024-09-09 07:36:23.220 UTC, 2024-09-09 07:36:23.807 UTC, 0
31, 2024-09-09 07:36:23.807 UTC, 0, 16914042880, 179220480, 53137920, 43434240, 18446744073709321216, 0 0 0 0, 0 0 0 0, 0 0 0 0, 0 0 0 0, 2024-09-09 07:36:23.833 UTC, 2024-09-09 07:36:23.876 UTC, 2024-09-09 07:36:24.203 UTC, 0
32, 2024-09-09 07:36:24.204 UTC, 0, 16914042880, 179449856, 52765440, 43296000, 18446744073709086976, 0 0 0 0, 0 0 0 0, 0 0 0 0, 0 0 0 0, 2024-09-09 07:36:24.230 UTC, 2024-09-09 07:36:24.264 UTC, 2024-09-09 07:36:24.528 UTC, 0
33, 2024-09-09 07:36:24.529 UTC, 0, 16914042880, 179675136, 52684800, 42804480, 18446744073709497856, 0 0 0 0, 0 0 0 0, 0 0 0 0, 0 0 0 0, 2024-09-09 07:36:24.555 UTC, 2024-09-09 07:36:24.615 UTC, 2024-09-09 07:36:25.073 UTC, 0
34, 2024-09-09 07:36:25.073 UTC, 0, 16914042880, 179617792, 52615680, 42677760, 3840, 0 0 0 0, 0 0 0 0, 0 0 0 0, 0 0 0 0, 2024-09-09 07:36:25.100 UTC, 2024-09-09 07:36:25.165 UTC, 2024-09-09 07:36:25.677 UTC, 0
35, 2024-09-09 07:36:25.677 UTC, 0, 16914042880, 179568640, 53084160, 42769920, 380160, 0 0 0 0, 0 0 0 0, 0 0 0 0, 0 0 0 0, 2024-09-09 07:36:25.703 UTC, 2024-09-09 07:36:25.753 UTC, 2024-09-09 07:36:26.137 UTC, 0
36, 2024-09-09 07:36:26.138 UTC, 0, 16914042880, 179548160, 53310720, 43265280, 111360, 0 0 0 0, 0 0 0 0, 0 0 0 0, 0 0 0 0, 2024-09-09 07:36:26.164 UTC, 2024-09-09 07:36:26.192 UTC, 2024-09-09 07:36:26.405 UTC, 0
37, 2024-09-09 07:36:26.406 UTC, 0, 16914042880, 179519488, 53041920, 43307520, 18446744073709351936, 0 0 0 0, 0 0 0 0, 0 0 0 0, 0 0 0 0, 2024-09-09 07:36:26.432 UTC, 2024-09-09 07:36:26.472 UTC, 2024-09-09 07:36:26.755 UTC, 0
38, 2024-09-09 07:36:26.755 UTC, 0, 16914042880, 179761152, 53107200, 43315200, 18446744073709409536, 0 0 0 0, 0 0 0 0, 0 0 0 0, 0 0 0 0, 2024-09-09 07:36:26.781 UTC, 2024-09-09 07:36:26.811 UTC, 2024-09-09 07:36:27.036 UTC, 0
39, 2024-09-09 07:36:27.036 UTC, 0, 16914042880, 179736576, 53122560, 43249920, 18446744073709490176, 0 0 0 0, 0 0 0 0, 0 0 0 0, 0 0 0 0, 2024-09-09 07:36:27.063 UTC, 2024-09-09 07:36:27.099 UTC, 2024-09-09 07:36:27.364 UTC, 0
40, 2024-09-09 07:36:27.365 UTC, 0, 16914042880, 179986432, 53111040, 43000320, 176640, 0 0 0 0, 0 0 0 0, 0 0 0 0, 0 0 0 0, 2024-09-09 07:36:27.390 UTC, 2024-09-09 07:36:27.414 UTC, 2024-09-09 07:36:27.603 UTC, 0
41, 2024-09-09 07:36:27.603 UTC, 0, 16914042880, 179978240, 53099520, 43176960, 18446744073709540096, 0 0 0 0, 0 0 0 0, 0 0 0 0, 0 0 0 0, 2024-09-09 07:36:27.628 UTC, 2024-09-09 07:36:27.650 UTC, 2024-09-09 07:36:27.796 UTC, 0
42, 2024-09-09 07:36:27.797 UTC, 0, 16914042880, 179957760, 53268480, 43115520, 218880, 0 0 0 0, 0 0 0 0, 0 0 0 0, 0 0 0 0, 2024-09-09 07:36:27.822 UTC, 2024-09-09 07:36:27.856 UTC, 2024-09-09 07:36:28.096 UTC, 0
43, 2024-09-09 07:36:28.096 UTC, 0, 16914042880, 179929088, 53333760, 43242240, 157440, 0 0 0 0, 0 0 0 0, 0 0 0 0, 0 0 0 0, 2024-09-09 07:36:28.121 UTC, 2024-09-09 07:36:28.168 UTC, 2024-09-09 07:36:28.492 UTC, 0
44, 2024-09-09 07:36:28.492 UTC, 0, 16914042880, 179851264, 53041920, 43150080, 18446744073709509376, 0 0 0 0, 0 0 0 0, 0 0 0 0, 0 0 0 0, 2024-09-09 07:36:28.518 UTC, 2024-09-09 07:36:28.603 UTC, 2024-09-09 07:36:29.367 UTC, 0
45, 2024-09-09 07:36:29.368 UTC, 0, 16914042880, 179806208, 52704000, 42608640, 161280, 0 0 0 0, 0 0 0 0, 0 0 0 0, 0 0 0 0, 2024-09-09 07:36:29.394 UTC, 2024-09-09 07:36:29.450 UTC, 2024-09-09 07:36:29.899 UTC, 0
46, 2024-09-09 07:36:29.899 UTC, 0, 16914042880, 179765248, 52888320, 43123200, 18446744073709382656, 0 0 0 0, 0 0 0 0, 0 0 0 0, 0 0 0 0, 2024-09-09 07:36:29.927 UTC, 2024-09-09 07:36:29.979 UTC, 2024-09-09 07:36:30.378 UTC, 0
47, 2024-09-09 07:36:30.378 UTC, 0, 16914042880, 179728384, 52492800, 42512640, 46080, 0 0 0 0, 0 0 0 0, 0 0 0 0, 0 0 0 0, 2024-09-09 07:36:30.404 UTC, 2024-09-09 07:36:30.459 UTC, 2024-09-09 07:36:30.837 UTC, 0
48, 2024-09-09 07:36:30.838 UTC, 0, 16914042880, 179716096, 52938240, 42531840, 472320, 0 0 0 0, 0 0 0 0, 0 0 0 0, 0 0 0 0, 2024-09-09 07:36:30.865 UTC, 2024-09-09 07:36:30.887 UTC, 2024-09-09 07:36:31.040 UTC, 0
49, 2024-09-09 07:36:31.040 UTC, 0, 16914042880, 179949568, 52661760, 42912000, 18446744073709367296, 0 0 0 0, 0 0 0 0, 0 0 0 0, 0 0 0 0, 2024-09-09 07:36:31.068 UTC, 2024-09-09 07:36:31.109 UTC, 2024-09-09 07:36:31.400 UTC, 0
50, 2024-09-09 07:36:31.401 UTC, 0, 16914042880, 179912704, 52945920, 42773760, 238080, 0 0 0 0, 0 0 0 0, 0 0 0 0, 0 0 0 0, 2024-09-09 07:36:31.429 UTC, 2024-09-09 07:36:31.479 UTC, 2024-09-09 07:36:31.861 UTC, 0
51, 2024-09-09 07:36:31.861 UTC, 0, 16914042880, 179900416, 53356800, 43011840, 410880, 0 0 0 0, 0 0 0 0, 0 0 0 0, 0 0 0 0, 2024-09-09 07:36:31.891 UTC, 2024-09-09 07:36:31.912 UTC, 2024-09-09 07:36:32.030 UTC, 0
52, 2024-09-09 07:36:32.031 UTC, 0, 16914042880, 179888128, 53425920, 43234560, 257280, 0 0 0 0, 0 0 0 0, 0 0 0 0, 0 0 0 0, 2024-09-09 07:36:32.058 UTC, 2024-09-09 07:36:32.080 UTC, 2024-09-09 07:36:32.288 UTC, 0
53, 2024-09-09 07:36:32.288 UTC, 0, 16914042880, 179843072, 53099520, 43196160, 18446744073709520896, 0 0 0 0, 0 0 0 0, 0 0 0 0, 0 0 0 0, 2024-09-09 07:36:32.316 UTC, 2024-09-09 07:36:32.369 UTC, 2024-09-09 07:36:32.803 UTC, 0
54, 2024-09-09 07:36:32.804 UTC, 0, 16914042880, 179834880, 52930560, 43138560, 18446744073709409536, 0 0 0 0, 0 0 0 0, 0 0 0 0, 0 0 0 0, 2024-09-09 07:36:32.832 UTC, 2024-09-09 07:36:32.851 UTC, 2024-09-09 07:36:33.027 UTC, 0
55, 2024-09-09 07:36:33.028 UTC, 0, 16914042880, 179789824, 52980480, 43015680, 30720, 0 0 0 0, 0 0 0 0, 0 0 0 0, 0 0 0 0, 2024-09-09 07:36:33.054 UTC, 2024-09-09 07:36:33.110 UTC, 2024-09-09 07:36:33.517 UTC, 0
56, 2024-09-09 07:36:33.518 UTC, 0, 16914042880, 179785728, 52838400, 43046400, 18446744073709409536, 0 0 0 0, 0 0 0 0, 0 0 0 0, 0 0 0 0, 2024-09-09 07:36:33.544 UTC, 2024-09-09 07:36:33.562 UTC, 2024-09-09 07:36:33.689 UTC, 0
57, 2024-09-09 07:36:33.690 UTC, 0, 16914042880, 179777536, 52876800, 42850560, 92160, 0 0 0 0, 0 0 0 0, 0 0 0 0, 0 0 0 0, 2024-09-09 07:36:33.715 UTC, 2024-09-09 07:36:33.734 UTC, 2024-09-09 07:36:33.843 UTC, 0
58, 2024-09-09 07:36:33.843 UTC, 0, 16914042880, 179744768, 52846080, 42977280, 18446744073709486336, 0 0 0 0, 0 0 0 0, 0 0 0 0, 0 0 0 0, 2024-09-09 07:36:33.868 UTC, 2024-09-09 07:36:33.911 UTC, 2024-09-09 07:36:34.182 UTC, 0
59, 2024-09-09 07:36:34.183 UTC, 0, 16914042880, 179740672, 53022720, 42831360, 257280, 0 0 0 0, 0 0 0 0, 0 0 0 0, 0 0 0 0, 2024-09-09 07:36:34.208 UTC, 2024-09-09 07:36:34.224 UTC, 2024-09-09 07:36:34.305 UTC, 0
60, 2024-09-09 07:36:34.305 UTC, 0, 16914042880, 179728384, 52953600, 43088640, 18446744073709482496, 0 0 0 0, 0 0 0 0, 0 0 0 0, 0 0 0 0, 2024-09-09 07:36:34.333 UTC, 2024-09-09 07:36:34.354 UTC, 2024-09-09 07:36:34.513 UTC, 0
61, 2024-09-09 07:36:34.513 UTC, 0, 16914042880, 179716096, 53199360, 43046400, 218880, 0 0 0 0, 0 0 0 0, 0 0 0 0, 0 0 0 0, 2024-09-09 07:36:34.539 UTC, 2024-09-09 07:36:34.559 UTC, 2024-09-09 07:36:34.724 UTC, 0
62, 2024-09-09 07:36:34.725 UTC, 0, 16914042880, 179666944, 53022720, 43242240, 18446744073709398016, 0 0 0 0, 0 0 0 0, 0 0 0 0, 0 0 0 0, 2024-09-09 07:36:34.752 UTC, 2024-09-09 07:36:34.808 UTC, 2024-09-09 07:36:35.307 UTC, 0
63, 2024-09-09 07:36:35.308 UTC, 1, 16914042880, 179609600, 53091840, 43069440, 88320, 0.751093 -0.0373914 0.659136 2.41875, 0.589323 0.488 -0.643859 2.25931, -0.297585 0.872042 0.388571 0.0321734, 0 0 0 1, 2024-09-09 07:36:35.335 UTC, 2024-09-09 07:36:35.403 UTC, 2024-09-09 07:36:35.958 UTC, 1
64, 2024-09-09 07:36:35.959 UTC, 0, 16914042880, 179646464, 53137920, 43153920, 49920, 0 0 0 0, 0 0 0 0, 0 0 0 0, 0 0 0 0, 2024-09-09 07:36:35.986 UTC, 2024-09-09 07:36:36.026 UTC, 2024-09-09 07:36:36.302 UTC, 1
65, 2024-09-09 07:36:36.302 UTC, 0, 16914042880, 179634176, 53276160, 43203840, 138240, 0 0 0 0, 0 0 0 0, 0 0 0 0, 0 0 0 0, 2024-09-09 07:36:36.328 UTC, 2024-09-09 07:36:36.348 UTC, 2024-09-09 07:36:36.466 UTC, 1
66, 2024-09-09 07:36:36.467 UTC, 0, 16914042880, 179597312, 53176320, 43230720, 11520, 0 0 0 0, 0 0 0 0, 0 0 0 0, 0 0 0 0, 2024-09-09 07:36:36.494 UTC, 2024-09-09 07:36:36.548 UTC, 2024-09-09 07:36:36.966 UTC, 1
67, 2024-09-09 07:36:36.967 UTC, 0, 16914042880, 179556352, 53130240, 43173120, 23040, 0 0 0 0, 0 0 0 0, 0 0 0 0, 0 0 0 0, 2024-09-09 07:36:36.993 UTC, 2024-09-09 07:36:37.048 UTC, 2024-09-09 07:36:37.472 UTC, 1
68, 2024-09-09 07:36:37.472 UTC, 0, 16914042880, 179519488, 53364480, 43319040, 111360, 0 0 0 0, 0 0 0 0, 0 0 0 0, 0 0 0 0, 2024-09-09 07:36:37.498 UTC, 2024-09-09 07:36:37.545 UTC, 2024-09-09 07:36:37.908 UTC, 1
69, 2024-09-09 07:36:37.908 UTC, 1, 16914042880, 179466240, 53210880, 43246080, 30720, 0.749491 -0.455933 0.479987 -0.515663, -0.64716 -0.351873 0.676291 -6.56402, -0.139449 -0.817502 -0.558787 2.933, 0 0 0 1, 2024-09-09 07:36:37.935 UTC, 2024-09-09 07:36:37.993 UTC, 2024-09-09 07:36:38.533 UTC, 2
70, 2024-09-09 07:36:38.534 UTC, 0, 16914042880, 179437568, 53479680, 43196160, 349440, 0 0 0 0, 0 0 0 0, 0 0 0 0, 0 0 0 0, 2024-09-09 07:36:38.558 UTC, 2024-09-09 07:36:38.597 UTC, 2024-09-09 07:36:38.914 UTC, 2
71, 2024-09-09 07:36:38.915 UTC, 0, 16914505728, 180035584, 53882880, 43952640, 18446744073709547776, 0 0 0 0, 0 0 0 0, 0 0 0 0, 0 0 0 0, 2024-09-09 07:36:38.940 UTC, 2024-09-09 07:36:38.968 UTC, 2024-09-09 07:36:39.178 UTC, 2
72, 2024-09-09 07:36:39.178 UTC, 0, 16914505728, 180015104, 53786880, 44037120, 18446744073709367296, 0 0 0 0, 0 0 0 0, 0 0 0 0, 0 0 0 0, 2024-09-09 07:36:39.201 UTC, 2024-09-09 07:36:39.231 UTC, 2024-09-09 07:36:39.447 UTC, 2
73, 2024-09-09 07:36:39.448 UTC, 0, 16914505728, 180002816, 53706240, 43852800, 18446744073709470976, 0 0 0 0, 0 0 0 0, 0 0 0 0, 0 0 0 0, 2024-09-09 07:36:39.470 UTC, 2024-09-09 07:36:39.497 UTC, 2024-09-09 07:36:39.689 UTC, 2
74, 2024-09-09 07:36:39.689 UTC, 0, 16914505728, 179990528, 53890560, 43772160, 184320, 0 0 0 0, 0 0 0 0, 0 0 0 0, 0 0 0 0, 2024-09-09 07:36:39.713 UTC, 2024-09-09 07:36:39.735 UTC, 2024-09-09 07:36:39.871 UTC, 2
75, 2024-09-09 07:36:39.871 UTC, 0, 16914505728, 179970048, 53867520, 43868160, 65280, 0 0 0 0, 0 0 0 0, 0 0 0 0, 0 0 0 0, 2024-09-09 07:36:39.894 UTC, 2024-09-09 07:36:39.927 UTC, 2024-09-09 07:36:40.161 UTC, 2
76, 2024-09-09 07:36:40.161 UTC, 0, 16914505728, 179961856, 53621760, 43557120, 130560, 0 0 0 0, 0 0 0 0, 0 0 0 0, 0 0 0 0, 2024-09-09 07:36:40.184 UTC, 2024-09-09 07:36:40.201 UTC, 2024-09-09 07:36:40.330 UTC, 2
77, 2024-09-09 07:36:40.331 UTC, 0, 16914505728, 180162560, 53514240, 43499520, 80640, 0 0 0 0, 0 0 0 0, 0 0 0 0, 0 0 0 0, 2024-09-09 07:36:40.354 UTC, 2024-09-09 07:36:40.375 UTC, 2024-09-09 07:36:40.534 UTC, 2
78, 2024-09-09 07:36:40.534 UTC, 0, 16914505728, 180137984, 53971200, 43441920, 595200, 0 0 0 0, 0 0 0 0, 0 0 0 0, 0 0 0 0, 2024-09-09 07:36:40.558 UTC, 2024-09-09 07:36:40.587 UTC, 2024-09-09 07:36:40.828 UTC, 2
79, 2024-09-09 07:36:40.828 UTC, 0, 16914505728, 180109312, 53798400, 43902720, 18446744073709513216, 0 0 0 0, 0 0 0 0, 0 0 0 0, 0 0 0 0, 2024-09-09 07:36:40.855 UTC, 2024-09-09 07:36:40.902 UTC, 2024-09-09 07:36:41.225 UTC, 2
80, 2024-09-09 07:36:41.225 UTC, 0, 16914505728, 180301824, 53928960, 43852800, 142080, 0 0 0 0, 0 0 0 0, 0 0 0 0, 0 0 0 0, 2024-09-09 07:36:41.253 UTC, 2024-09-09 07:36:41.282 UTC, 2024-09-09 07:36:41.526 UTC, 2
81, 2024-09-09 07:36:41.526 UTC, 0, 16914505728, 180494336, 54063360, 44179200, 18446744073709501696, 0 0 0 0, 0 0 0 0, 0 0 0 0, 0 0 0 0, 2024-09-09 07:36:41.554 UTC, 2024-09-09 07:36:41.594 UTC, 2024-09-09 07:36:41.912 UTC, 2
82, 2024-09-09 07:36:41.913 UTC, 0, 16914505728, 180465664, 54190080, 44378880, 18446744073709428736, 0 0 0 0, 0 0 0 0, 0 0 0 0, 0 0 0 0, 2024-09-09 07:36:41.939 UTC, 2024-09-09 07:36:41.976 UTC, 2024-09-09 07:36:42.269 UTC, 2
83, 2024-09-09 07:36:42.270 UTC, 0, 16914505728, 180441088, 54190080, 44171520, 84480, 0 0 0 0, 0 0 0 0, 0 0 0 0, 0 0 0 0, 2024-09-09 07:36:42.294 UTC, 2024-09-09 07:36:42.328 UTC, 2024-09-09 07:36:42.595 UTC, 2
84, 2024-09-09 07:36:42.596 UTC, 0, 16914505728, 180678656, 53625600, 44378880, 18446744073708864256, 0 0 0 0, 0 0 0 0, 0 0 0 0, 0 0 0 0, 2024-09-09 07:36:42.620 UTC, 2024-09-09 07:36:42.646 UTC, 2024-09-09 07:36:42.863 UTC, 2
85, 2024-09-09 07:36:42.864 UTC, 0, 16914505728, 180654080, 53840640, 43875840, 30720, 0 0 0 0, 0 0 0 0, 0 0 0 0, 0 0 0 0, 2024-09-09 07:36:42.888 UTC, 2024-09-09 07:36:42.919 UTC, 2024-09-09 07:36:43.168 UTC, 2
86, 2024-09-09 07:36:43.168 UTC, 0, 16914505728, 180637696, 53902080, 43710720, 257280, 0 0 0 0, 0 0 0 0, 0 0 0 0, 0 0 0 0, 2024-09-09 07:36:43.193 UTC, 2024-09-09 07:36:43.219 UTC, 2024-09-09 07:36:43.412 UTC, 2
87, 2024-09-09 07:36:43.413 UTC, 0, 16914505728, 180621312, 53575680, 43918080, 18446744073709275136, 0 0 0 0, 0 0 0 0, 0 0 0 0, 0 0 0 0, 2024-09-09 07:36:43.437 UTC, 2024-09-09 07:36:43.469 UTC, 2024-09-09 07:36:43.690 UTC, 2
88, 2024-09-09 07:36:43.690 UTC, 0, 16914505728, 180609024, 53664000, 43641600, 88320, 0 0 0 0, 0 0 0 0, 0 0 0 0, 0 0 0 0, 2024-09-09 07:36:43.715 UTC, 2024-09-09 07:36:43.738 UTC, 2024-09-09 07:36:43.897 UTC, 2
89, 2024-09-09 07:36:43.898 UTC, 0, 16914505728, 180596736, 53606400, 43622400, 49920, 0 0 0 0, 0 0 0 0, 0 0 0 0, 0 0 0 0, 2024-09-09 07:36:43.923 UTC, 2024-09-09 07:36:43.943 UTC, 2024-09-09 07:36:44.073 UTC, 2
90, 2024-09-09 07:36:44.073 UTC, 0, 16914505728, 180580352, 53587200, 43464960, 188160, 0 0 0 0, 0 0 0 0, 0 0 0 0, 0 0 0 0, 2024-09-09 07:36:44.098 UTC, 2024-09-09 07:36:44.124 UTC, 2024-09-09 07:36:44.312 UTC, 2
91, 2024-09-09 07:36:44.313 UTC, 0, 16914505728, 180568064, 53529600, 43653120, 18446744073709494016, 0 0 0 0, 0 0 0 0, 0 0 0 0, 0 0 0 0, 2024-09-09 07:36:44.337 UTC, 2024-09-09 07:36:44.356 UTC, 2024-09-09 07:36:44.491 UTC, 2
92, 2024-09-09 07:36:44.492 UTC, 0, 16914505728, 180555776, 53606400, 43595520, 76800, 0 0 0 0, 0 0 0 0, 0 0 0 0, 0 0 0 0, 2024-09-09 07:36:44.517 UTC, 2024-09-09 07:36:44.536 UTC, 2024-09-09 07:36:44.667 UTC, 2
93, 2024-09-09 07:36:44.667 UTC, 0, 16914505728, 180535296, 53690880, 43572480, 184320, 0 0 0 0, 0 0 0 0, 0 0 0 0, 0 0 0 0, 2024-09-09 07:36:44.692 UTC, 2024-09-09 07:36:44.727 UTC, 2024-09-09 07:36:44.962 UTC, 2
94, 2024-09-09 07:36:44.963 UTC, 0, 16914505728, 180518912, 53783040, 43668480, 180480, 0 0 0 0, 0 0 0 0, 0 0 0 0, 0 0 0 0, 2024-09-09 07:36:44.988 UTC, 2024-09-09 07:36:45.030 UTC, 2024-09-09 07:36:45.296 UTC, 2
95, 2024-09-09 07:36:45.297 UTC, 0, 16914505728, 180506624, 53932800, 43472640, 526080, 0 0 0 0, 0 0 0 0, 0 0 0 0, 0 0 0 0, 2024-09-09 07:36:45.322 UTC, 2024-09-09 07:36:45.345 UTC, 2024-09-09 07:36:45.475 UTC, 2
96, 2024-09-09 07:36:45.476 UTC, 0, 16914505728, 180494336, 53856000, 43810560, 111360, 0 0 0 0, 0 0 0 0, 0 0 0 0, 0 0 0 0, 2024-09-09 07:36:45.501 UTC, 2024-09-09 07:36:45.525 UTC, 2024-09-09 07:36:45.645 UTC, 2
97, 2024-09-09 07:36:45.645 UTC, 0, 16914505728, 180473856, 53621760, 43887360, 18446744073709351936, 0 0 0 0, 0 0 0 0, 0 0 0 0, 0 0 0 0, 2024-09-09 07:36:45.670 UTC, 2024-09-09 07:36:45.709 UTC, 2024-09-09 07:36:45.937 UTC, 2
98, 2024-09-09 07:36:45.938 UTC, 0, 16914505728, 180461568, 53840640, 43791360, 115200, 0 0 0 0, 0 0 0 0, 0 0 0 0, 0 0 0 0, 2024-09-09 07:36:45.964 UTC, 2024-09-09 07:36:45.988 UTC, 2024-09-09 07:36:46.139 UTC, 2
99, 2024-09-09 07:36:46.139 UTC, 0, 16914505728, 180432896, 53349120, 43695360, 18446744073709271296, 0 0 0 0, 0 0 0 0, 0 0 0 0, 0 0 0 0, 2024-09-09 07:36:46.164 UTC, 2024-09-09 07:36:46.203 UTC, 2024-09-09 07:36:46.485 UTC, 2
100, 2024-09-09 07:36:46.486 UTC, 0, 16914505728, 180404224, 53414400, 43296000, 184320, 0 0 0 0, 0 0 0 0, 0 0 0 0, 0 0 0 0, 2024-09-09 07:36:46.511 UTC, 2024-09-09 07:36:46.551 UTC, 2024-09-09 07:36:46.848 UTC, 2
101, 2024-09-09 07:36:46.848 UTC, 0, 16914505728, 180400128, 53544960, 43587840, 23040, 0 0 0 0, 0 0 0 0, 0 0 0 0, 0 0 0 0, 2024-09-09 07:36:46.873 UTC, 2024-09-09 07:36:46.891 UTC, 2024-09-09 07:36:46.997 UTC, 2
102, 2024-09-09 07:36:46.997 UTC, 0, 16914505728, 180367360, 53306880, 43296000, 76800, 0 0 0 0, 0 0 0 0, 0 0 0 0, 0 0 0 0, 2024-09-09 07:36:47.022 UTC, 2024-09-09 07:36:47.068 UTC, 2024-09-09 07:36:47.384 UTC, 2
103, 2024-09-09 07:36:47.385 UTC, 0, 16914505728, 180318208, 52765440, 43522560, 18446744073708860416, 0 0 0 0, 0 0 0 0, 0 0 0 0, 0 0 0 0, 2024-09-09 07:36:47.410 UTC, 2024-09-09 07:36:47.463 UTC, 2024-09-09 07:36:47.961 UTC, 2
104, 2024-09-09 07:36:47.961 UTC, 0, 16914505728, 180252672, 52865280, 42766080, 165120, 0 0 0 0, 0 0 0 0, 0 0 0 0, 0 0 0 0, 2024-09-09 07:36:47.984 UTC, 2024-09-09 07:36:48.056 UTC, 2024-09-09 07:36:48.675 UTC, 2
105, 2024-09-09 07:36:48.676 UTC, 0, 16914505728, 180236288, 52899840, 42862080, 103680, 0 0 0 0, 0 0 0 0, 0 0 0 0, 0 0 0 0, 2024-09-09 07:36:48.700 UTC, 2024-09-09 07:36:48.723 UTC, 2024-09-09 07:36:48.908 UTC, 2
106, 2024-09-09 07:36:48.909 UTC, 0, 16914505728, 180232192, 52876800, 42988800, 18446744073709505536, 0 0 0 0, 0 0 0 0, 0 0 0 0, 0 0 0 0, 2024-09-09 07:36:48.934 UTC, 2024-09-09 07:36:48.963 UTC, 2024-09-09 07:36:49.153 UTC, 2
107, 2024-09-09 07:36:49.154 UTC, 0, 16914505728, 180232192, 53022720, 42827520, 261120, 0 0 0 0, 0 0 0 0, 0 0 0 0, 0 0 0 0, 2024-09-09 07:36:49.177 UTC, 2024-09-09 07:36:49.201 UTC, 2024-09-09 07:36:49.359 UTC, 2
108, 2024-09-09 07:36:49.359 UTC, 0, 16914505728, 180215808, 53011200, 43188480, 18446744073709440256, 0 0 0 0, 0 0 0 0, 0 0 0 0, 0 0 0 0, 2024-09-09 07:36:49.382 UTC, 2024-09-09 07:36:49.410 UTC, 2024-09-09 07:36:49.594 UTC, 2
109, 2024-09-09 07:36:49.595 UTC, 0, 16914505728, 180195328, 52984320, 42965760, 84480, 0 0 0 0, 0 0 0 0, 0 0 0 0, 0 0 0 0, 2024-09-09 07:36:49.615 UTC, 2024-09-09 07:36:49.644 UTC, 2024-09-09 07:36:49.827 UTC, 2
110, 2024-09-09 07:36:49.828 UTC, 0, 16914505728, 180178944, 53030400, 42984960, 111360, 0 0 0 0, 0 0 0 0, 0 0 0 0, 0 0 0 0, 2024-09-09 07:36:49.848 UTC, 2024-09-09 07:36:49.882 UTC, 2024-09-09 07:36:50.095 UTC, 2
111, 2024-09-09 07:36:50.095 UTC, 0, 16914505728, 180166656, 53195520, 43096320, 165120, 0 0 0 0, 0 0 0 0, 0 0 0 0, 0 0 0 0, 2024-09-09 07:36:50.118 UTC, 2024-09-09 07:36:50.137 UTC, 2024-09-09 07:36:50.252 UTC, 2
112, 2024-09-09 07:36:50.252 UTC, 0, 16914505728, 180162560, 53283840, 43261440, 88320, 0 0 0 0, 0 0 0 0, 0 0 0 0, 0 0 0 0, 2024-09-09 07:36:50.275 UTC, 2024-09-09 07:36:50.296 UTC, 2024-09-09 07:36:50.416 UTC, 2
113, 2024-09-09 07:36:50.416 UTC, 0, 16914505728, 180154368, 54032640, 43349760, 748800, 0 0 0 0, 0 0 0 0, 0 0 0 0, 0 0 0 0, 2024-09-09 07:36:50.439 UTC, 2024-09-09 07:36:50.461 UTC, 2024-09-09 07:36:50.578 UTC, 2
114, 2024-09-09 07:36:50.578 UTC, 0, 16914505728, 180142080, 54105600, 44317440, 18446744073709405696, 0 0 0 0, 0 0 0 0, 0 0 0 0, 0 0 0 0, 2024-09-09 07:36:50.602 UTC, 2024-09-09 07:36:50.633 UTC, 2024-09-09 07:36:50.808 UTC, 2
115, 2024-09-09 07:36:50.809 UTC, 0, 16914505728, 180125696, 53702400, 44267520, 18446744073709052416, 0 0 0 0, 0 0 0 0, 0 0 0 0, 0 0 0 0, 2024-09-09 07:36:50.833 UTC, 2024-09-09 07:36:50.866 UTC, 2024-09-09 07:36:51.065 UTC, 2
116, 2024-09-09 07:36:51.065 UTC, 0, 16914505728, 180109312, 54067200, 43929600, 203520, 0 0 0 0, 0 0 0 0, 0 0 0 0, 0 0 0 0, 2024-09-09 07:36:51.090 UTC, 2024-09-09 07:36:51.117 UTC, 2024-09-09 07:36:51.321 UTC, 2
117, 2024-09-09 07:36:51.322 UTC, 0, 16914505728, 180060160, 53786880, 43906560, 18446744073709497856, 0 0 0 0, 0 0 0 0, 0 0 0 0, 0 0 0 0, 2024-09-09 07:36:51.346 UTC, 2024-09-09 07:36:51.400 UTC, 2024-09-09 07:36:51.781 UTC, 2
118, 2024-09-09 07:36:51.781 UTC, 0, 16914505728, 180011008, 53602560, 43729920, 18446744073709490176, 0 0 0 0, 0 0 0 0, 0 0 0 0, 0 0 0 0, 2024-09-09 07:36:51.806 UTC, 2024-09-09 07:36:51.865 UTC, 2024-09-09 07:36:52.306 UTC, 2
119, 2024-09-09 07:36:52.307 UTC, 0, 16914505728, 179974144, 53806080, 43733760, 138240, 0 0 0 0, 0 0 0 0, 0 0 0 0, 0 0 0 0, 2024-09-09 07:36:52.332 UTC, 2024-09-09 07:36:52.389 UTC, 2024-09-09 07:36:52.778 UTC, 2
120, 2024-09-09 07:36:52.779 UTC, 0, 16914505728, 180183040, 54320640, 44321280, 65280, 0 0 0 0, 0 0 0 0, 0 0 0 0, 0 0 0 0, 2024-09-09 07:36:52.804 UTC, 2024-09-09 07:36:52.857 UTC, 2024-09-09 07:36:53.208 UTC, 2
121, 2024-09-09 07:36:53.208 UTC, 0, 16914505728, 180379648, 54117120, 44386560, 18446744073709348096, 0 0 0 0, 0 0 0 0, 0 0 0 0, 0 0 0 0, 2024-09-09 07:36:53.232 UTC, 2024-09-09 07:36:53.249 UTC, 2024-09-09 07:36:53.331 UTC, 2
122, 2024-09-09 07:36:53.331 UTC, 0, 16914505728, 180375552, 54240000, 44183040, 122880, 0 0 0 0, 0 0 0 0, 0 0 0 0, 0 0 0 0, 2024-09-09 07:36:53.357 UTC, 2024-09-09 07:36:53.380 UTC, 2024-09-09 07:36:53.496 UTC, 2
123, 2024-09-09 07:36:53.497 UTC, 0, 16914505728, 180371456, 54393600, 44305920, 153600, 0 0 0 0, 0 0 0 0, 0 0 0 0, 0 0 0 0, 2024-09-09 07:36:53.522 UTC, 2024-09-09 07:36:53.540 UTC, 2024-09-09 07:36:53.621 UTC, 2
124, 2024-09-09 07:36:53.621 UTC, 0, 16914505728, 180359168, 54136320, 44259840, 18446744073709494016, 0 0 0 0, 0 0 0 0, 0 0 0 0, 0 0 0 0, 2024-09-09 07:36:53.646 UTC, 2024-09-09 07:36:53.672 UTC, 2024-09-09 07:36:53.818 UTC, 2
125, 2024-09-09 07:36:53.818 UTC, 0, 16914505728, 180355072, 54309120, 44202240, 172800, 0 0 0 0, 0 0 0 0, 0 0 0 0, 0 0 0 0, 2024-09-09 07:36:53.844 UTC, 2024-09-09 07:36:53.867 UTC, 2024-09-09 07:36:53.972 UTC, 2
126, 2024-09-09 07:36:53.973 UTC, 0, 16914505728, 180547584, 54140160, 44240640, 18446744073709517056, 0 0 0 0, 0 0 0 0, 0 0 0 0, 0 0 0 0, 2024-09-09 07:36:53.998 UTC, 2024-09-09 07:36:54.036 UTC, 2024-09-09 07:36:54.275 UTC, 2
127, 2024-09-09 07:36:54.275 UTC, 0, 16914505728, 180531200, 54324480, 44232960, 157440, 0 0 0 0, 0 0 0 0, 0 0 0 0, 0 0 0 0, 2024-09-09 07:36:54.300 UTC, 2024-09-09 07:36:54.344 UTC, 2024-09-09 07:36:54.607 UTC, 2
128, 2024-09-09 07:36:54.607 UTC, 1, 16914505728, 180506624, 53679360, 44087040, 18446744073709209856, -0.968106 -0.115033 0.222572 1.12033, -0.218746 -0.0450446 -0.974741 4.42258, 0.122153 -0.99234 0.0184452 0.899997, 0 0 0 1, 2024-09-09 07:36:54.630 UTC, 2024-09-09 07:36:54.663 UTC, 2024-09-09 07:36:54.916 UTC, 3
129, 2024-09-09 07:36:54.917 UTC, 0, 16914505728, 180498432, 53856000, 43745280, 176640, 0 0 0 0, 0 0 0 0, 0 0 0 0, 0 0 0 0, 2024-09-09 07:36:54.941 UTC, 2024-09-09 07:36:54.961 UTC, 2024-09-09 07:36:55.082 UTC, 3
130, 2024-09-09 07:36:55.082 UTC, 0, 16914505728, 180465664, 53675520, 44328960, 18446744073708964096, 0 0 0 0, 0 0 0 0, 0 0 0 0, 0 0 0 0, 2024-09-09 07:36:55.108 UTC, 2024-09-09 07:36:55.152 UTC, 2024-09-09 07:36:55.419 UTC, 3
131, 2024-09-09 07:36:55.419 UTC, 0, 16914505728, 180576256, 53644800, 43656960, 53760, 0 0 0 0, 0 0 0 0, 0 0 0 0, 0 0 0 0, 2024-09-09 07:36:55.444 UTC, 2024-09-09 07:36:55.496 UTC, 2024-09-09 07:36:55.867 UTC, 3
132, 2024-09-09 07:36:55.868 UTC, 0, 16914505728, 180539392, 53790720, 43860480, 18446744073709547776, 0 0 0 0, 0 0 0 0, 0 0 0 0, 0 0 0 0, 2024-09-09 07:36:55.892 UTC, 2024-09-09 07:36:55.943 UTC, 2024-09-09 07:36:56.310 UTC, 3
133, 2024-09-09 07:36:56.310 UTC, 0, 16914505728, 180486144, 53625600, 43791360, 18446744073709451776, 0 0 0 0, 0 0 0 0, 0 0 0 0, 0 0 0 0, 2024-09-09 07:36:56.335 UTC, 2024-09-09 07:36:56.398 UTC, 2024-09-09 07:36:56.877 UTC, 3
134, 2024-09-09 07:36:56.878 UTC, 0, 16914505728, 180436992, 53614080, 43971840, 18446744073709259776, 0 0 0 0, 0 0 0 0, 0 0 0 0, 0 0 0 0, 2024-09-09 07:36:56.902 UTC, 2024-09-09 07:36:56.958 UTC, 2024-09-09 07:36:57.410 UTC, 3
135, 2024-09-09 07:36:57.410 UTC, 0, 16914505728, 180412416, 53917440, 43779840, 203520, 0 0 0 0, 0 0 0 0, 0 0 0 0, 0 0 0 0, 2024-09-09 07:36:57.434 UTC, 2024-09-09 07:36:57.479 UTC, 2024-09-09 07:36:57.756 UTC, 3
136, 2024-09-09 07:36:57.756 UTC, 0, 16914505728, 180396032, 53510400, 43991040, 18446744073709136896, 0 0 0 0, 0 0 0 0, 0 0 0 0, 0 0 0 0, 2024-09-09 07:36:57.779 UTC, 2024-09-09 07:36:57.810 UTC, 2024-09-09 07:36:58.000 UTC, 3
137, 2024-09-09 07:36:58.001 UTC, 0, 16914505728, 180379648, 53502720, 43480320, 88320, 0 0 0 0, 0 0 0 0, 0 0 0 0, 0 0 0 0, 2024-09-09 07:36:58.023 UTC, 2024-09-09 07:36:58.057 UTC, 2024-09-09 07:36:58.262 UTC, 3
138, 2024-09-09 07:36:58.263 UTC, 0, 16914505728, 180539392, 53521920, 43441920, 145920, 0 0 0 0, 0 0 0 0, 0 0 0 0, 0 0 0 0, 2024-09-09 07:36:58.286 UTC, 2024-09-09 07:36:58.316 UTC, 2024-09-09 07:36:58.503 UTC, 3
139, 2024-09-09 07:36:58.503 UTC, 0, 16914505728, 180527104, 54193920, 43599360, 660480, 0 0 0 0, 0 0 0 0, 0 0 0 0, 0 0 0 0, 2024-09-09 07:36:58.526 UTC, 2024-09-09 07:36:58.556 UTC, 2024-09-09 07:36:58.733 UTC, 3
140, 2024-09-09 07:36:58.734 UTC, 0, 16914505728, 180514816, 53329920, 44071680, 18446744073708875776, 0 0 0 0, 0 0 0 0, 0 0 0 0, 0 0 0 0, 2024-09-09 07:36:58.756 UTC, 2024-09-09 07:36:58.778 UTC, 2024-09-09 07:36:58.906 UTC, 3
141, 2024-09-09 07:36:58.907 UTC, 0, 16914505728, 180494336, 53621760, 43691520, 18446744073709547776, 0 0 0 0, 0 0 0 0, 0 0 0 0, 0 0 0 0, 2024-09-09 07:36:58.929 UTC, 2024-09-09 07:36:58.956 UTC, 2024-09-09 07:36:59.127 UTC, 3
142, 2024-09-09 07:36:59.127 UTC, 0, 16914505728, 180482048, 53591040, 43499520, 157440, 0 0 0 0, 0 0 0 0, 0 0 0 0, 0 0 0 0, 2024-09-09 07:36:59.150 UTC, 2024-09-09 07:36:59.174 UTC, 2024-09-09 07:36:59.311 UTC, 3
143, 2024-09-09 07:36:59.311 UTC, 0, 16914505728, 180469760, 53356800, 43656960, 18446744073709317376, 0 0 0 0, 0 0 0 0, 0 0 0 0, 0 0 0 0, 2024-09-09 07:36:59.334 UTC, 2024-09-09 07:36:59.357 UTC, 2024-09-09 07:36:59.479 UTC, 3
144, 2024-09-09 07:36:59.480 UTC, 0, 16914505728, 180461568, 53483520, 43342080, 207360, 0 0 0 0, 0 0 0 0, 0 0 0 0, 0 0 0 0, 2024-09-09 07:36:59.502 UTC, 2024-09-09 07:36:59.522 UTC, 2024-09-09 07:36:59.628 UTC, 3
145, 2024-09-09 07:36:59.629 UTC, 0, 16914505728, 180449280, 53437440, 43687680, 18446744073709367296, 0 0 0 0, 0 0 0 0, 0 0 0 0, 0 0 0 0, 2024-09-09 07:36:59.653 UTC, 2024-09-09 07:36:59.682 UTC, 2024-09-09 07:36:59.856 UTC, 3
146, 2024-09-09 07:36:59.857 UTC, 0, 16914505728, 180432896, 53579520, 43576320, 69120, 0 0 0 0, 0 0 0 0, 0 0 0 0, 0 0 0 0, 2024-09-09 07:36:59.880 UTC, 2024-09-09 07:36:59.921 UTC, 2024-09-09 07:37:00.165 UTC, 3
147, 2024-09-09 07:37:00.165 UTC, 0, 16914505728, 180420608, 53272320, 43522560, 18446744073709367296, 0 0 0 0, 0 0 0 0, 0 0 0 0, 0 0 0 0, 2024-09-09 07:37:00.190 UTC, 2024-09-09 07:37:00.210 UTC, 2024-09-09 07:37:00.354 UTC, 3
148, 2024-09-09 07:37:00.354 UTC, 0, 16914505728, 180396032, 53583360, 43495680, 153600, 0 0 0 0, 0 0 0 0, 0 0 0 0, 0 0 0 0, 2024-09-09 07:37:00.379 UTC, 2024-09-09 07:37:00.418 UTC, 2024-09-09 07:37:00.671 UTC, 3
149, 2024-09-09 07:37:00.672 UTC, 0, 16914505728, 180359168, 52727040, 43495680, 18446744073708848896, 0 0 0 0, 0 0 0 0, 0 0 0 0, 0 0 0 0, 2024-09-09 07:37:00.697 UTC, 2024-09-09 07:37:00.741 UTC, 2024-09-09 07:37:01.052 UTC, 3
150, 2024-09-09 07:37:01.052 UTC, 0, 16914505728, 180338688, 53191680, 43238400, 19200, 0 0 0 0, 0 0 0 0, 0 0 0 0, 0 0 0 0, 2024-09-09 07:37:01.077 UTC, 2024-09-09 07:37:01.108 UTC, 2024-09-09 07:37:01.335 UTC, 3
151, 2024-09-09 07:37:01.335 UTC, 0, 16914505728, 180318208, 53276160, 43261440, 80640, 0 0 0 0, 0 0 0 0, 0 0 0 0, 0 0 0 0, 2024-09-09 07:37:01.360 UTC, 2024-09-09 07:37:01.387 UTC, 2024-09-09 07:37:01.593 UTC, 3
152, 2024-09-09 07:37:01.593 UTC, 1, 16914505728, 180285440, 53752320, 43960320, 18446744073709409536, -0.688451 0.422215 -0.58972 2.60196, -0.0155245 -0.821482 -0.570024 -0.863824, -0.725117 -0.383277 0.572105 0.146665, 0 0 0 1, 2024-09-09 07:37:01.618 UTC, 2024-09-09 07:37:01.657 UTC, 2024-09-09 07:37:01.982 UTC, 4
153, 2024-09-09 07:37:01.983 UTC, 0, 16914505728, 180264960, 53564160, 43664640, 18446744073709517056, 0 0 0 0, 0 0 0 0, 0 0 0 0, 0 0 0 0, 2024-09-09 07:37:02.007 UTC, 2024-09-09 07:37:02.044 UTC, 2024-09-09 07:37:02.276 UTC, 4
154, 2024-09-09 07:37:02.277 UTC, 0, 16914505728, 180256768, 53683200, 43630080, 119040, 0 0 0 0, 0 0 0 0, 0 0 0 0, 0 0 0 0, 2024-09-09 07:37:02.300 UTC, 2024-09-09 07:37:02.317 UTC, 2024-09-09 07:37:02.407 UTC, 4
155, 2024-09-09 07:37:02.408 UTC, 0, 16914505728, 180236288, 53752320, 43895040, 18446744073709474816, 0 0 0 0, 0 0 0 0, 0 0 0 0, 0 0 0 0, 2024-09-09 07:37:02.433 UTC, 2024-09-09 07:37:02.466 UTC, 2024-09-09 07:37:02.655 UTC, 4
156, 2024-09-09 07:37:02.655 UTC, 0, 16914505728, 180211712, 53568000, 43618560, 15360, 0 0 0 0, 0 0 0 0, 0 0 0 0, 0 0 0 0, 2024-09-09 07:37:02.680 UTC, 2024-09-09 07:37:02.723 UTC, 2024-09-09 07:37:02.997 UTC, 4
157, 2024-09-09 07:37:02.997 UTC, 0, 16914505728, 180187136, 53387520, 43572480, 18446744073709432576, 0 0 0 0, 0 0 0 0, 0 0 0 0, 0 0 0 0, 2024-09-09 07:37:03.021 UTC, 2024-09-09 07:37:03.063 UTC, 2024-09-09 07:37:03.335 UTC, 4
158, 2024-09-09 07:37:03.335 UTC, 0, 16914505728, 180166656, 53103360, 43541760, 18446744073709179136, 0 0 0 0, 0 0 0 0, 0 0 0 0, 0 0 0 0, 2024-09-09 07:37:03.361 UTC, 2024-09-09 07:37:03.398 UTC, 2024-09-09 07:37:03.603 UTC, 4
159, 2024-09-09 07:37:03.603 UTC, 0, 16914505728, 180137984, 53253120, 43269120, 49920, 0 0 0 0, 0 0 0 0, 0 0 0 0, 0 0 0 0, 2024-09-09 07:37:03.628 UTC, 2024-09-09 07:37:03.676 UTC, 2024-09-09 07:37:03.961 UTC, 4
160, 2024-09-09 07:37:03.962 UTC, 0, 16914505728, 180117504, 52896000, 43384320, 18446744073709129216, 0 0 0 0, 0 0 0 0, 0 0 0 0, 0 0 0 0, 2024-09-09 07:37:03.986 UTC, 2024-09-09 07:37:04.023 UTC, 2024-09-09 07:37:04.256 UTC, 4
161, 2024-09-09 07:37:04.257 UTC, 0, 16914505728, 180105216, 53126400, 43203840, 18446744073709540096, 0 0 0 0, 0 0 0 0, 0 0 0 0, 0 0 0 0, 2024-09-09 07:37:04.281 UTC, 2024-09-09 07:37:04.302 UTC, 2024-09-09 07:37:04.429 UTC, 4
162, 2024-09-09 07:37:04.429 UTC, 0, 16914505728, 180334592, 53418240, 43687680, 18446744073709348096, 0 0 0 0, 0 0 0 0, 0 0 0 0, 0 0 0 0, 2024-09-09 07:37:04.453 UTC, 2024-09-09 07:37:04.483 UTC, 2024-09-09 07:37:04.658 UTC, 4
163, 2024-09-09 07:37:04.658 UTC, 0, 16914505728, 180322304, 53625600, 43653120, 38400, 0 0 0 0, 0 0 0 0, 0 0 0 0, 0 0 0 0, 2024-09-09 07:37:04.682 UTC, 2024-09-09 07:37:04.706 UTC, 2024-09-09 07:37:04.853 UTC, 4
164, 2024-09-09 07:37:04.854 UTC, 0, 16914505728, 180305920, 53160960, 43691520, 18446744073709086976, 0 0 0 0, 0 0 0 0, 0 0 0 0, 0 0 0 0, 2024-09-09 07:37:04.877 UTC, 2024-09-09 07:37:04.916 UTC, 2024-09-09 07:37:05.157 UTC, 4
165, 2024-09-09 07:37:05.158 UTC, 0, 16914505728, 180293632, 53329920, 43584000, 18446744073709363456, 0 0 0 0, 0 0 0 0, 0 0 0 0, 0 0 0 0, 2024-09-09 07:37:05.181 UTC, 2024-09-09 07:37:05.209 UTC, 2024-09-09 07:37:05.351 UTC, 4
166, 2024-09-09 07:37:05.352 UTC, 0, 16914505728, 180277248, 53425920, 43541760, 18446744073709501696, 0 0 0 0, 0 0 0 0, 0 0 0 0, 0 0 0 0, 2024-09-09 07:37:05.375 UTC, 2024-09-09 07:37:05.402 UTC, 2024-09-09 07:37:05.533 UTC, 4
167, 2024-09-09 07:37:05.533 UTC, 0, 16914505728, 180260864, 53230080, 43284480, 11520, 0 0 0 0, 0 0 0 0, 0 0 0 0, 0 0 0 0, 2024-09-09 07:37:05.556 UTC, 2024-09-09 07:37:05.593 UTC, 2024-09-09 07:37:05.865 UTC, 4
168, 2024-09-09 07:37:05.865 UTC, 0, 16914505728, 180457472, 53418240, 43430400, 53760, 0 0 0 0, 0 0 0 0, 0 0 0 0, 0 0 0 0, 2024-09-09 07:37:05.889 UTC, 2024-09-09 07:37:05.929 UTC, 2024-09-09 07:37:06.157 UTC, 4
169, 2024-09-09 07:37:06.157 UTC, 0, 16914505728, 180453376, 53502720, 43484160, 84480, 0 0 0 0, 0 0 0 0, 0 0 0 0, 0 0 0 0, 2024-09-09 07:37:06.180 UTC, 2024-09-09 07:37:06.196 UTC, 2024-09-09 07:37:06.291 UTC, 4
170, 2024-09-09 07:37:06.292 UTC, 0, 16914505728, 180432896, 53525760, 43837440, 18446744073709305856, 0 0 0 0, 0 0 0 0, 0 0 0 0, 0 0 0 0, 2024-09-09 07:37:06.316 UTC, 2024-09-09 07:37:06.354 UTC, 2024-09-09 07:37:06.591 UTC, 4
171, 2024-09-09 07:37:06.591 UTC, 0, 16914505728, 180412416, 53072640, 43518720, 18446744073709171456, 0 0 0 0, 0 0 0 0, 0 0 0 0, 0 0 0 0, 2024-09-09 07:37:06.616 UTC, 2024-09-09 07:37:06.655 UTC, 2024-09-09 07:37:06.900 UTC, 4
172, 2024-09-09 07:37:06.900 UTC, 0, 16914505728, 180596736, 53222400, 43987200, 18446744073708852736, 0 0 0 0, 0 0 0 0, 0 0 0 0, 0 0 0 0, 2024-09-09 07:37:06.926 UTC, 2024-09-09 07:37:06.963 UTC, 2024-09-09 07:37:07.189 UTC, 4
173, 2024-09-09 07:37:07.190 UTC, 0, 16914505728, 180584448, 53541120, 43334400, 272640, 0 0 0 0, 0 0 0 0, 0 0 0 0, 0 0 0 0, 2024-09-09 07:37:07.214 UTC, 2024-09-09 07:37:07.245 UTC, 2024-09-09 07:37:07.428 UTC, 4
174, 2024-09-09 07:37:07.428 UTC, 0, 16914505728, 180555776, 53648640, 43591680, 122880, 0 0 0 0, 0 0 0 0, 0 0 0 0, 0 0 0 0, 2024-09-09 07:37:07.452 UTC, 2024-09-09 07:37:07.500 UTC, 2024-09-09 07:37:07.824 UTC, 4
175, 2024-09-09 07:37:07.825 UTC, 1, 16914505728, 180543488, 53733120, 43764480, 34560, -0.990935 -0.126468 0.0453085 -3.93149, -0.0562593 0.0844045 -0.994842 4.4331, 0.121991 -0.988373 -0.0907546 1.44497, 0 0 0 1, 2024-09-09 07:37:07.850 UTC, 2024-09-09 07:37:07.875 UTC, 2024-09-09 07:37:08.098 UTC, 5
176, 2024-09-09 07:37:08.099 UTC, 0, 16914505728, 180506624, 53748480, 43872000, 18446744073709494016, 0 0 0 0, 0 0 0 0, 0 0 0 0, 0 0 0 0, 2024-09-09 07:37:08.124 UTC, 2024-09-09 07:37:08.182 UTC, 2024-09-09 07:37:08.603 UTC, 5
177, 2024-09-09 07:37:08.604 UTC, 0, 16914505728, 180486144, 53617920, 43772160, 18446744073709463296, 0 0 0 0, 0 0 0 0, 0 0 0 0, 0 0 0 0, 2024-09-09 07:37:08.629 UTC, 2024-09-09 07:37:08.669 UTC, 2024-09-09 07:37:08.927 UTC, 5
178, 2024-09-09 07:37:08.927 UTC, 0, 16914505728, 180465664, 53794560, 43864320, 18446744073709547776, 0 0 0 0, 0 0 0 0, 0 0 0 0, 0 0 0 0, 2024-09-09 07:37:08.953 UTC, 2024-09-09 07:37:08.981 UTC, 2024-09-09 07:37:09.154 UTC, 5
179, 2024-09-09 07:37:09.154 UTC, 0, 16914505728, 180453376, 53856000, 43741440, 180480, 0 0 0 0, 0 0 0 0, 0 0 0 0, 0 0 0 0, 2024-09-09 07:37:09.178 UTC, 2024-09-09 07:37:09.200 UTC, 2024-09-09 07:37:09.340 UTC, 5
180, 2024-09-09 07:37:09.340 UTC, 0, 16914505728, 180445184, 53721600, 43852800, 18446744073709486336, 0 0 0 0, 0 0 0 0, 0 0 0 0, 0 0 0 0, 2024-09-09 07:37:09.364 UTC, 2024-09-09 07:37:09.385 UTC, 2024-09-09 07:37:09.515 UTC, 5
181, 2024-09-09 07:37:09.515 UTC, 0, 16914505728, 180432896, 53825280, 43975680, 18446744073709467136, 0 0 0 0, 0 0 0 0, 0 0 0 0, 0 0 0 0, 2024-09-09 07:37:09.540 UTC, 2024-09-09 07:37:09.565 UTC, 2024-09-09 07:37:09.726 UTC, 5
182, 2024-09-09 07:37:09.726 UTC, 1, 16914505728, 180371456, 53959680, 43948800, 76800, 0.479006 0.0559715 0.876026 -7.34785, -0.873676 0.12716 0.469597 -3.81803, -0.0851116 -0.990302 0.109812 0.229881, 0 0 0 1, 2024-09-09 07:37:09.750 UTC, 2024-09-09 07:37:09.821 UTC, 2024-09-09 07:37:10.419 UTC, 6
183, 2024-09-09 07:37:10.420 UTC, 0, 16914505728, 180318208, 53794560, 43952640, 18446744073709459456, 0 0 0 0, 0 0 0 0, 0 0 0 0, 0 0 0 0, 2024-09-09 07:37:10.444 UTC, 2024-09-09 07:37:10.514 UTC, 2024-09-09 07:37:11.118 UTC, 6
184, 2024-09-09 07:37:11.119 UTC, 0, 16914505728, 180363264, 53909760, 43825920, 149760, 0 0 0 0, 0 0 0 0, 0 0 0 0, 0 0 0 0, 2024-09-09 07:37:11.143 UTC, 2024-09-09 07:37:11.190 UTC, 2024-09-09 07:37:11.487 UTC, 6
185, 2024-09-09 07:37:11.488 UTC, 0, 16914505728, 180416512, 53952000, 44040960, 18446744073709528576, 0 0 0 0, 0 0 0 0, 0 0 0 0, 0 0 0 0, 2024-09-09 07:37:11.513 UTC, 2024-09-09 07:37:11.539 UTC, 2024-09-09 07:37:11.696 UTC, 6
186, 2024-09-09 07:37:11.696 UTC, 0, 16914505728, 180465664, 53894400, 43968000, 18446744073709543936, 0 0 0 0, 0 0 0 0, 0 0 0 0, 0 0 0 0, 2024-09-09 07:37:11.720 UTC, 2024-09-09 07:37:11.750 UTC, 2024-09-09 07:37:11.910 UTC, 6
187, 2024-09-09 07:37:11.911 UTC, 0, 16914505728, 180514816, 53748480, 43810560, 3840, 0 0 0 0, 0 0 0 0, 0 0 0 0, 0 0 0 0, 2024-09-09 07:37:11.935 UTC, 2024-09-09 07:37:11.971 UTC, 2024-09-09 07:37:12.175 UTC, 6
188, 2024-09-09 07:37:12.175 UTC, 0, 16914505728, 180510720, 54120960, 43814400, 372480, 0 0 0 0, 0 0 0 0, 0 0 0 0, 0 0 0 0, 2024-09-09 07:37:12.198 UTC, 2024-09-09 07:37:12.217 UTC, 2024-09-09 07:37:12.320 UTC, 6
189, 2024-09-09 07:37:12.320 UTC, 0, 16914505728, 180477952, 54059520, 44275200, 18446744073709401856, 0 0 0 0, 0 0 0 0, 0 0 0 0, 0 0 0 0, 2024-09-09 07:37:12.344 UTC, 2024-09-09 07:37:12.387 UTC, 2024-09-09 07:37:12.652 UTC, 6
190, 2024-09-09 07:37:12.653 UTC, 0, 16914505728, 180465664, 54105600, 44121600, 49920, 0 0 0 0, 0 0 0 0, 0 0 0 0, 0 0 0 0, 2024-09-09 07:37:12.677 UTC, 2024-09-09 07:37:12.697 UTC, 2024-09-09 07:37:12.819 UTC, 6
191, 2024-09-09 07:37:12.819 UTC, 0, 16914505728, 180457472, 54144000, 44056320, 153600, 0 0 0 0, 0 0 0 0, 0 0 0 0, 0 0 0 0, 2024-09-09 07:37:12.842 UTC, 2024-09-09 07:37:12.865 UTC, 2024-09-09 07:37:13.017 UTC, 6
192, 2024-09-09 07:37:13.018 UTC, 0, 16914505728, 180441088, 54094080, 44298240, 18446744073709413376, 0 0 0 0, 0 0 0 0, 0 0 0 0, 0 0 0 0, 2024-09-09 07:37:13.039 UTC, 2024-09-09 07:37:13.066 UTC, 2024-09-09 07:37:13.267 UTC, 6
193, 2024-09-09 07:37:13.268 UTC, 0, 16914505728, 180400128, 53998080, 44198400, 18446744073709417216, 0 0 0 0, 0 0 0 0, 0 0 0 0, 0 0 0 0, 2024-09-09 07:37:13.294 UTC, 2024-09-09 07:37:13.338 UTC, 2024-09-09 07:37:13.675 UTC, 6
194, 2024-09-09 07:37:13.675 UTC, 0, 16914505728, 180346880, 53894400, 44240640, 18446744073709271296, 0 0 0 0, 0 0 0 0, 0 0 0 0, 0 0 0 0, 2024-09-09 07:37:13.701 UTC, 2024-09-09 07:37:13.767 UTC, 2024-09-09 07:37:14.279 UTC, 6
195, 2024-09-09 07:37:14.280 UTC, 0, 16914505728, 180461568, 54028800, 44037120, 57600, 0 0 0 0, 0 0 0 0, 0 0 0 0, 0 0 0 0, 2024-09-09 07:37:14.304 UTC, 2024-09-09 07:37:14.380 UTC, 2024-09-09 07:37:15.026 UTC, 6
196, 2024-09-09 07:37:15.026 UTC, 0, 16914505728, 180432896, 53856000, 44190720, 18446744073709282816, 0 0 0 0, 0 0 0 0, 0 0 0 0, 0 0 0 0, 2024-09-09 07:37:15.051 UTC, 2024-09-09 07:37:15.096 UTC, 2024-09-09 07:37:15.381 UTC, 6
197, 2024-09-09 07:37:15.381 UTC, 0, 16914505728, 180404224, 53955840, 44071680, 18446744073709501696, 0 0 0 0, 0 0 0 0, 0 0 0 0, 0 0 0 0, 2024-09-09 07:37:15.406 UTC, 2024-09-09 07:37:15.456 UTC, 2024-09-09 07:37:15.791 UTC, 6
198, 2024-09-09 07:37:15.791 UTC, 0, 16914505728, 180527104, 54063360, 43964160, 165120, 0 0 0 0, 0 0 0 0, 0 0 0 0, 0 0 0 0, 2024-09-09 07:37:15.816 UTC, 2024-09-09 07:37:15.897 UTC, 2024-09-09 07:37:16.593 UTC, 6
199, 2024-09-09 07:37:16.593 UTC, 0, 16914505728, 180477952, 53936640, 43979520, 23040, 0 0 0 0, 0 0 0 0, 0 0 0 0, 0 0 0 0, 2024-09-09 07:37:16.618 UTC, 2024-09-09 07:37:16.676 UTC, 2024-09-09 07:37:17.122 UTC, 6
200, 2024-09-09 07:37:17.122 UTC, 0, 16914505728, 180428800, 53817600, 43814400, 69120, 0 0 0 0, 0 0 0 0, 0 0 0 0, 0 0 0 0, 2024-09-09 07:37:17.147 UTC, 2024-09-09 07:37:17.208 UTC, 2024-09-09 07:37:17.662 UTC, 6
201, 2024-09-09 07:37:17.662 UTC, 0, 16914505728, 180617216, 53809920, 44052480, 18446744073709374976, 0 0 0 0, 0 0 0 0, 0 0 0 0, 0 0 0 0, 2024-09-09 07:37:17.686 UTC, 2024-09-09 07:37:17.742 UTC, 2024-09-09 07:37:18.155 UTC, 6
202, 2024-09-09 07:37:18.155 UTC, 0, 16914505728, 180834304, 53990400, 43879680, 176640, 0 0 0 0, 0 0 0 0, 0 0 0 0, 0 0 0 0, 2024-09-09 07:37:18.180 UTC, 2024-09-09 07:37:18.218 UTC, 2024-09-09 07:37:18.506 UTC, 6
203, 2024-09-09 07:37:18.507 UTC, 1, 16914505728, 180797440, 53783040, 43837440, 11520, 0.120609 0.17614 0.976948 -1.10489, -0.508292 0.856296 -0.0916355 0.953326, -0.852697 -0.485522 0.192807 0.598519, 0 0 0 1, 2024-09-09 07:37:18.531 UTC, 2024-09-09 07:37:18.579 UTC, 2024-09-09 07:37:18.986 UTC, 7
204, 2024-09-09 07:37:18.986 UTC, 0, 16914505728, 180768768, 53879040, 43998720, 18446744073709497856, 0 0 0 0, 0 0 0 0, 0 0 0 0, 0 0 0 0, 2024-09-09 07:37:19.013 UTC, 2024-09-09 07:37:19.058 UTC, 2024-09-09 07:37:19.358 UTC, 7
205, 2024-09-09 07:37:19.358 UTC, 0, 16914505728, 180740096, 53763840, 43979520, 18446744073709401856, 0 0 0 0, 0 0 0 0, 0 0 0 0, 0 0 0 0, 2024-09-09 07:37:19.384 UTC, 2024-09-09 07:37:19.427 UTC, 2024-09-09 07:37:19.728 UTC, 7
206, 2024-09-09 07:37:19.728 UTC, 0, 16914505728, 180707328, 53867520, 43914240, 19200, 0 0 0 0, 0 0 0 0, 0 0 0 0, 0 0 0 0, 2024-09-09 07:37:19.751 UTC, 2024-09-09 07:37:19.792 UTC, 2024-09-09 07:37:20.075 UTC, 7
207, 2024-09-09 07:37:20.075 UTC, 0, 16914505728, 180682752, 54001920, 44014080, 53760, 0 0 0 0, 0 0 0 0, 0 0 0 0, 0 0 0 0, 2024-09-09 07:37:20.101 UTC, 2024-09-09 07:37:20.139 UTC, 2024-09-09 07:37:20.404 UTC, 7
208, 2024-09-09 07:37:20.405 UTC, 0, 16914505728, 180654080, 53986560, 44298240, 18446744073709305856, 0 0 0 0, 0 0 0 0, 0 0 0 0, 0 0 0 0, 2024-09-09 07:37:20.428 UTC, 2024-09-09 07:37:20.470 UTC, 2024-09-09 07:37:20.751 UTC, 7
209, 2024-09-09 07:37:20.752 UTC, 0, 16914505728, 180592640, 53498880, 43787520, 18446744073709328896, 0 0 0 0, 0 0 0 0, 0 0 0 0, 0 0 0 0, 2024-09-09 07:37:20.777 UTC, 2024-09-09 07:37:20.856 UTC, 2024-09-09 07:37:21.419 UTC, 7
210, 2024-09-09 07:37:21.419 UTC, 0, 16914505728, 180596736, 55994880, 43614720, 2446080, 0 0 0 0, 0 0 0 0, 0 0 0 0, 0 0 0 0, 2024-09-09 07:37:21.445 UTC, 2024-09-09 07:37:21.561 UTC, 2024-09-09 07:37:22.616 UTC, 7
211, 2024-09-09 07:37:22.616 UTC, 0, 16914505728, 180625408, 55176960, 44129280, 1113600, 0 0 0 0, 0 0 0 0, 0 0 0 0, 0 0 0 0, 2024-09-09 07:37:22.642 UTC, 2024-09-09 07:37:22.767 UTC, 2024-09-09 07:37:23.808 UTC, 7
212, 2024-09-09 07:37:23.808 UTC, 1, 16914505728, 180768768, 56006400, 43741440, 2330880, 0.971662 0.0566057 0.229498 -0.142386, -0.230159 0.00535941 0.973138 -3.50636, 0.0538552 -0.998383 0.0182359 -1.11411, 0 0 0 1, 2024-09-09 07:37:23.829 UTC, 2024-09-09 07:37:23.928 UTC, 2024-09-09 07:37:24.832 UTC, 8
213, 2024-09-09 07:37:24.832 UTC, 0, 16914505728, 180703232, 53982720, 44098560, 18446744073709501696, 0 0 0 0, 0 0 0 0, 0 0 0 0, 0 0 0 0, 2024-09-09 07:37:24.855 UTC, 2024-09-09 07:37:24.931 UTC, 2024-09-09 07:37:25.519 UTC, 8
214, 2024-09-09 07:37:25.519 UTC, 0, 16914505728, 180649984, 53890560, 44225280, 18446744073709282816, 0 0 0 0, 0 0 0 0, 0 0 0 0, 0 0 0 0, 2024-09-09 07:37:25.543 UTC, 2024-09-09 07:37:25.616 UTC, 2024-09-09 07:37:26.171 UTC, 8
215, 2024-09-09 07:37:26.172 UTC, 0, 16914505728, 180711424, 53952000, 44017920, 0, 0 0 0 0, 0 0 0 0, 0 0 0 0, 0 0 0 0, 2024-09-09 07:37:26.197 UTC, 2024-09-09 07:37:26.243 UTC, 2024-09-09 07:37:26.572 UTC, 8
216, 2024-09-09 07:37:26.572 UTC, 0, 16914505728, 180682752, 54097920, 44017920, 145920, 0 0 0 0, 0 0 0 0, 0 0 0 0, 0 0 0 0, 2024-09-09 07:37:26.598 UTC, 2024-09-09 07:37:26.640 UTC, 2024-09-09 07:37:26.929 UTC, 8
217, 2024-09-09 07:37:26.929 UTC, 0, 16914505728, 180633600, 53529600, 44217600, 18446744073708929536, 0 0 0 0, 0 0 0 0, 0 0 0 0, 0 0 0 0, 2024-09-09 07:37:26.952 UTC, 2024-09-09 07:37:27.011 UTC, 2024-09-09 07:37:27.452 UTC, 8
218, 2024-09-09 07:37:27.453 UTC, 0, 16914505728, 180617216, 54101760, 43726080, 441600, 0 0 0 0, 0 0 0 0, 0 0 0 0, 0 0 0 0, 2024-09-09 07:37:27.475 UTC, 2024-09-09 07:37:27.500 UTC, 2024-09-09 07:37:27.676 UTC, 8
219, 2024-09-09 07:37:27.676 UTC, 0, 16914505728, 180588544, 54186240, 44686080, 18446744073709117696, 0 0 0 0, 0 0 0 0, 0 0 0 0, 0 0 0 0, 2024-09-09 07:37:27.701 UTC, 2024-09-09 07:37:27.727 UTC, 2024-09-09 07:37:27.953 UTC, 8
220, 2024-09-09 07:37:27.953 UTC, 0, 16914505728, 180822016, 54543360, 44325120, 284160, 0 0 0 0, 0 0 0 0, 0 0 0 0, 0 0 0 0, 2024-09-09 07:37:27.978 UTC, 2024-09-09 07:37:28.024 UTC, 2024-09-09 07:37:28.370 UTC, 8
221, 2024-09-09 07:37:28.370 UTC, 0, 16914505728, 180772864, 54370560, 44613120, 18446744073709374976, 0 0 0 0, 0 0 0 0, 0 0 0 0, 0 0 0 0, 2024-09-09 07:37:28.393 UTC, 2024-09-09 07:37:28.455 UTC, 2024-09-09 07:37:28.971 UTC, 8
222, 2024-09-09 07:37:28.971 UTC, 0, 16914505728, 180686848, 56110080, 44582400, 1593600, 0 0 0 0, 0 0 0 0, 0 0 0 0, 0 0 0 0, 2024-09-09 07:37:28.995 UTC, 2024-09-09 07:37:29.082 UTC, 2024-09-09 07:37:29.857 UTC, 8
223, 2024-09-09 07:37:29.857 UTC, 0, 16914505728, 180903936, 53199360, 44121600, 18446744073708695296, 0 0 0 0, 0 0 0 0, 0 0 0 0, 0 0 0 0, 2024-09-09 07:37:29.882 UTC, 2024-09-09 07:37:29.939 UTC, 2024-09-09 07:37:30.364 UTC, 8
224, 2024-09-09 07:37:30.364 UTC, 0, 16914505728, 180830208, 53779200, 43772160, 72960, 0 0 0 0, 0 0 0 0, 0 0 0 0, 0 0 0 0, 2024-09-09 07:37:30.385 UTC, 2024-09-09 07:37:30.462 UTC, 2024-09-09 07:37:31.176 UTC, 8
225, 2024-09-09 07:37:31.177 UTC, 0, 16914505728, 180781056, 54620160, 44275200, 410880, 0 0 0 0, 0 0 0 0, 0 0 0 0, 0 0 0 0, 2024-09-09 07:37:31.201 UTC, 2024-09-09 07:37:31.270 UTC, 2024-09-09 07:37:31.793 UTC, 8
226, 2024-09-09 07:37:31.793 UTC, 0, 16914505728, 180998144, 54666240, 44712960, 19200, 0 0 0 0, 0 0 0 0, 0 0 0 0, 0 0 0 0, 2024-09-09 07:37:31.816 UTC, 2024-09-09 07:37:31.869 UTC, 2024-09-09 07:37:32.254 UTC, 8
227, 2024-09-09 07:37:32.254 UTC, 0, 16914505728, 180948992, 54051840, 44782080, 18446744073708887296, 0 0 0 0, 0 0 0 0, 0 0 0 0, 0 0 0 0, 2024-09-09 07:37:32.277 UTC, 2024-09-09 07:37:32.338 UTC, 2024-09-09 07:37:32.800 UTC, 8
228, 2024-09-09 07:37:32.800 UTC, 0, 16914505728, 181141504, 54074880, 43952640, 188160, 0 0 0 0, 0 0 0 0, 0 0 0 0, 0 0 0 0, 2024-09-09 07:37:32.822 UTC, 2024-09-09 07:37:32.893 UTC, 2024-09-09 07:37:33.493 UTC, 8
229, 2024-09-09 07:37:33.494 UTC, 0, 16914505728, 181108736, 53932800, 43918080, 80640, 0 0 0 0, 0 0 0 0, 0 0 0 0, 0 0 0 0, 2024-09-09 07:37:33.518 UTC, 2024-09-09 07:37:33.561 UTC, 2024-09-09 07:37:33.870 UTC, 8
230, 2024-09-09 07:37:33.870 UTC, 0, 16914505728, 181055488, 53829120, 44048640, 18446744073709398016, 0 0 0 0, 0 0 0 0, 0 0 0 0, 0 0 0 0, 2024-09-09 07:37:33.893 UTC, 2024-09-09 07:37:33.956 UTC, 2024-09-09 07:37:34.433 UTC, 8
231, 2024-09-09 07:37:34.433 UTC, 0, 16914505728, 180994048, 53767680, 44087040, 18446744073709298176, 0 0 0 0, 0 0 0 0, 0 0 0 0, 0 0 0 0, 2024-09-09 07:37:34.455 UTC, 2024-09-09 07:37:34.527 UTC, 2024-09-09 07:37:35.092 UTC, 8
232, 2024-09-09 07:37:35.092 UTC, 0, 16914505728, 180965376, 53022720, 43910400, 18446744073708729856, 0 0 0 0, 0 0 0 0, 0 0 0 0, 0 0 0 0, 2024-09-09 07:37:35.115 UTC, 2024-09-09 07:37:35.155 UTC, 2024-09-09 07:37:35.435 UTC, 8
233, 2024-09-09 07:37:35.435 UTC, 0, 16914505728, 180912128, 53537280, 43403520, 199680, 0 0 0 0, 0 0 0 0, 0 0 0 0, 0 0 0 0, 2024-09-09 07:37:35.459 UTC, 2024-09-09 07:37:35.533 UTC, 2024-09-09 07:37:36.189 UTC, 8
234, 2024-09-09 07:37:36.190 UTC, 0, 16914505728, 180879360, 53790720, 43530240, 326400, 0 0 0 0, 0 0 0 0, 0 0 0 0, 0 0 0 0, 2024-09-09 07:37:36.214 UTC, 2024-09-09 07:37:36.260 UTC, 2024-09-09 07:37:36.581 UTC, 8
235, 2024-09-09 07:37:36.582 UTC, 0, 16914505728, 180813824, 53733120, 43933440, 18446744073709417216, 0 0 0 0, 0 0 0 0, 0 0 0 0, 0 0 0 0, 2024-09-09 07:37:36.606 UTC, 2024-09-09 07:37:36.682 UTC, 2024-09-09 07:37:37.357 UTC, 8
