hostname,executable,timestamp,PCD_filename,Threshold-F,Decimation-F,depth_to_disparity-F,spatial_filter,temporal_filter,hole_filling_filter,disparity_to_depth-F,Sum RS2 filters,RS2 PC calc. orig.,RS2 PC calc fil.,RS2 PC to PCL orig.,RS2 PC to PCL fil.,sum RS2 depth to PCL (orig.+fil.),sum RS2 depth to PCL (fil. only)
ChrisLegion,./09_realsense_filter,09/29/23 17:57:49.370817152 UTC,PCD not saved to files,3.37072 ms,14.522 ms,14.1831 ms,4.15759 ms,0.804424 ms,0.589905 ms,0.342619 ms,37.9704 ms,29.348 ms,0.579855 ms,45.9906 ms,2.42617 ms,78.3446 ms,3.00602 ms
ChrisLegion,./09_realsense_filter,09/29/23 18:07:27.684681960 UTC,PCD not saved to files,4.38925 ms,17.2444 ms,16.4971 ms,3.88704 ms,0.753176 ms,0.521684 ms,0.295588 ms,43.5884 ms,9.75682 ms,0.551041 ms,33.6852 ms,1.83811 ms,45.8312 ms,2.38915 ms
ChrisLegion,./09_realsense_filter,09/29/23 18:08:07.735301861 UTC,PCD not saved to files,1.35562 ms,15.8891 ms,13.2309 ms,2.37397 ms,0.617123 ms,0.505864 ms,0.312553 ms,34.2852 ms,9.73621 ms,0.561338 ms,25.7856 ms,1.83858 ms,37.9217 ms,2.39992 ms
ChrisLegion,./09_realsense_filter,09/29/23 18:13:33.9022524 UTC,PCD not saved to files,1.84765 ms,14.4744 ms,4.77992 ms,4.55923 ms,0.905858 ms,0.659562 ms,0.370922 ms,27.5976 ms,11.2779 ms,0.594853 ms,27.2437 ms,1.70991 ms,40.8264 ms,2.30476 ms
ChrisLegion,./09_realsense_filter,09/29/23 18:15:34.729458816 UTC,PCD not saved to files,1.5584 ms,14.1515 ms,13.1816 ms,2.33965 ms,0.552835 ms,0.44577 ms,0.263942 ms,32.4937 ms,11.5544 ms,0.706279 ms,29.6646 ms,1.75583 ms,43.6811 ms,2.46211 ms
ChrisLegion,./09_realsense_filter,09/29/23 18:17:13.315332346 UTC,PCD not saved to files,3.90209 ms,18.3826 ms,15.9898 ms,4.94785 ms,0.786348 ms,0.577798 ms,0.324817 ms,44.9115 ms,8.95905 ms,0.66735 ms,26.8243 ms,1.70315 ms,38.1539 ms,2.3705 ms
ChrisLegion,./09_realsense_filter,09/29/23 18:19:08.738219841 UTC,PCD not saved to files,3.70487 ms,17.9018 ms,16.7041 ms,6.84472 ms,1.08498 ms,0.840033 ms,0.503011 ms,47.5836 ms,9.69686 ms,0.622088 ms,27.0394 ms,1.91161 ms,39.27 ms,2.5337 ms
ChrisLegion,./09_realsense_filter,09/30/23 09:10:06.601775067 UTC,20230930_couch_box,3.70303 ms,16.3518 ms,15.6437 ms,3.72173 ms,1.06533 ms,1.15259 ms,0.386642 ms,42.025 ms,9.37088 ms,0.595722 ms,28.0694 ms,2.55807 ms,40.5941 ms,3.1538 ms
ChrisLegion,./09_realsense_filter,09/30/23 09:10:35.391112422 UTC,../files/20230930_couch_box,4.25421 ms,29.6323 ms,15.7655 ms,4.97411 ms,0.826737 ms,0.615051 ms,0.314176 ms,56.3821 ms,10.1247 ms,0.616624 ms,27.9133 ms,1.75229 ms,40.4068 ms,2.36892 ms
ChrisLegion,./09_realsense_filter,09/30/23 09:11:16.952695555 UTC,../files/20230930_couch_box,4.25166 ms,19.016 ms,17.2121 ms,5.00097 ms,1.2024 ms,1.12982 ms,0.412414 ms,48.2255 ms,9.8789 ms,0.878805 ms,25.922 ms,1.83717 ms,38.5168 ms,2.71598 ms
ChrisLegion,./09_realsense_filter,09/30/23 09:12:03.323229056 UTC,../files/20230930_couch_box,4.87151 ms,30.9613 ms,16.2053 ms,4.87394 ms,0.728814 ms,0.556956 ms,0.306142 ms,58.5041 ms,10.2854 ms,0.523309 ms,28.901 ms,1.80282 ms,41.5125 ms,2.32613 ms
ChrisLegion,./09_realsense_filter,09/30/23 09:14:55.345344475 UTC,../files/20230930_couch_box,4.41499 ms,17.1945 ms,16.5801 ms,2.96885 ms,0.873868 ms,0.966836 ms,0.319782 ms,43.3191 ms,13.2473 ms,0.547688 ms,38.6863 ms,3.04937 ms,55.5306 ms,3.59706 ms
ChrisLegion,./09_realsense_filter,09/30/23 09:15:11.387138973 UTC,../files/20230930_couch_box,1.6269 ms,13.7296 ms,26.857 ms,6.30258 ms,1.03397 ms,0.85561 ms,0.402131 ms,50.8078 ms,12.9337 ms,0.592934 ms,25.8785 ms,1.77406 ms,41.1791 ms,2.36699 ms
ChrisLegion,./09_realsense_filter,09/30/23 09:17:17.627775187 UTC,../files/20230930_couch_box_2,1.48652 ms,14.7401 ms,13.6747 ms,2.10026 ms,0.653071 ms,0.859342 ms,0.276778 ms,33.7907 ms,8.32301 ms,0.53966 ms,26.983 ms,1.73732 ms,37.583 ms,2.27698 ms
ChrisLegion,./09_realsense_filter,09/30/23 09:17:33.88529312 UTC,../files/20230930_couch_box_2,4.74873 ms,29.7753 ms,15.849 ms,5.18676 ms,0.824226 ms,0.619058 ms,0.347806 ms,57.3511 ms,10.252 ms,0.536543 ms,27.3803 ms,1.80163 ms,39.9705 ms,2.33817 ms
es-copter,./09_realsense_filter,09/30/23 09:38:44.79167801 UTC,PCD not saved to files,6.6669 ms,8.32651 ms,2.68823 ms,7.19034 ms,2.64922 ms,3.60851 ms,1.68889 ms,32.8186 ms,163.833 ms,6.10975 ms,145.535 ms,10.1124 ms,325.59 ms,16.2221 ms
es-copter,./09_realsense_filter,09/30/23 09:39:14.903486587 UTC,PCD not saved to files,7.819 ms,83.8117 ms,2.85229 ms,19.1623 ms,2.61177 ms,2.41525 ms,1.50024 ms,120.173 ms,165.756 ms,6.00944 ms,145.009 ms,10.1384 ms,326.913 ms,16.1479 ms
es-copter,./09_realsense_filter,09/30/23 09:43:14.524034654 UTC,PCD not saved to files,7.62801 ms,83.4524 ms,2.88282 ms,19.323 ms,2.5938 ms,2.37906 ms,1.48633 ms,119.746 ms,169.359 ms,6.12413 ms,145.647 ms,10.1158 ms,331.246 ms,16.2399 ms
es-copter,./09_realsense_filter,09/30/23 09:43:40.269399299 UTC,../files/20230930_JNano_couch_box,7.45389 ms,8.75668 ms,2.91927 ms,19.3917 ms,2.59854 ms,2.33229 ms,1.54524 ms,44.9977 ms,166.191 ms,6.13564 ms,144.941 ms,10.1696 ms,327.437 ms,16.3052 ms
xavier,./09_realsense_filter,10/01/23 13:44:57.810345895 UTC,PCD not saved to files,25.3134 ms,12.6028 ms,6.14466 ms,26.5228 ms,5.72009 ms,5.72076 ms,3.46251 ms,85.4889 ms,160.406 ms,2.53889 ms,52.4998 ms,7.32447 ms,222.769 ms,9.86336 ms
xavier,./09_realsense_filter,10/01/23 13:45:24.683147271 UTC,PCD not saved to files,13.6879 ms,10.8418 ms,6.19756 ms,19.3778 ms,6.54319 ms,7.78348 ms,2.50622 ms,66.9385 ms,168.889 ms,2.51649 ms,45.869 ms,7.3375 ms,224.612 ms,9.85399 ms
xavier,./09_realsense_filter,10/01/23 13:45:58.946139991 UTC,20231001_09_couch_box,14.3144 ms,80.364 ms,10.0981 ms,26.5953 ms,5.12895 ms,3.94881 ms,2.76567 ms,143.216 ms,160.68 ms,2.65886 ms,40.025 ms,7.27462 ms,210.639 ms,9.93347 ms
xavier,./09_realsense_filter,10/01/23 13:46:27.574946331 UTC,20231001_09_couch_box,11.3295 ms,93.8457 ms,5.69007 ms,21.4992 ms,4.94299 ms,4.20107 ms,2.86906 ms,144.378 ms,149.555 ms,2.14615 ms,45.8314 ms,7.34934 ms,204.882 ms,9.49549 ms
xavier,./09_realsense_filter,10/01/23 13:47:04.743396336 UTC,20231001_09_couch_box,10.1404 ms,93.869 ms,5.65653 ms,16.6817 ms,5.5996 ms,3.70804 ms,2.77735 ms,138.433 ms,152.887 ms,2.44954 ms,43.7646 ms,7.40434 ms,206.506 ms,9.85389 ms
xavier,./09_realsense_filter,10/01/23 13:47:21.427962641 UTC,20231001_09_couch_box,10.6676 ms,94.3793 ms,6.1109 ms,17.1597 ms,5.34315 ms,3.72843 ms,2.71578 ms,140.106 ms,158.655 ms,3.03095 ms,45.697 ms,7.28015 ms,214.663 ms,10.3111 ms
xavier,./09_realsense_filter,10/01/23 14:19:21.483936643 UTC,20231001_../files/09_couch_box_xavier,12.6694 ms,79.6748 ms,9.43874 ms,19.0013 ms,4.88329 ms,3.68261 ms,2.67707 ms,132.029 ms,149.006 ms,2.16955 ms,45.3258 ms,7.2233 ms,203.724 ms,9.39285 ms
xavier,./09_realsense_filter,10/01/23 14:20:41.921608786 UTC,20231001_09_couch_box_xavier,14.6791 ms,79.9432 ms,9.65505 ms,18.4049 ms,5.57942 ms,3.65694 ms,2.67022 ms,134.59 ms,155.004 ms,2.30398 ms,45.5661 ms,7.29479 ms,210.169 ms,9.59877 ms
xavier,./09_realsense_filter,10/01/23 14:30:49.593677066 UTC,PCD not saved to files,20.2587 ms,80.8162 ms,9.81658 ms,18.4731 ms,4.60328 ms,3.70728 ms,2.76564 ms,140.441 ms,156.316 ms,2.17498 ms,46.5616 ms,7.1887 ms,212.242 ms,9.36368 ms
ChrisLegion,./09_realsense_filter,10/01/23 14:38:38.768357520 UTC,20231001_09_couch_box_laptop,1.62343 ms,13.4054 ms,13.0709 ms,2.51828 ms,0.689767 ms,0.72223 ms,0.267714 ms,32.2978 ms,7.9857 ms,0.52389 ms,30.3691 ms,1.63155 ms,40.5102 ms,2.15544 ms
ChrisLegion,./09_realsense_filter,10/01/23 14:38:54.348650121 UTC,20231001_09_couch_box_laptop,1.60955 ms,28.1276 ms,14.7939 ms,5.91913 ms,1.21277 ms,0.879616 ms,0.470547 ms,53.0132 ms,9.81246 ms,0.612661 ms,27.0433 ms,1.7961 ms,39.2645 ms,2.40876 ms
es-copter,./09_realsense_filter,10/01/23 14:49:44.546242512 UTC,20231001_09_couch_box_Nano,7.46765 ms,8.59318 ms,2.64298 ms,14.6702 ms,2.42007 ms,2.55455 ms,1.3011 ms,39.6498 ms,244.868 ms,2.73892 ms,144.579 ms,10.109 ms,402.295 ms,12.8479 ms
es-copter,./09_realsense_filter,10/01/23 14:50:03.347555056 UTC,20231001_09_couch_box_Nano,7.71428 ms,8.63851 ms,2.56731 ms,14.6822 ms,2.43585 ms,2.50382 ms,1.33746 ms,39.8795 ms,159.475 ms,5.80875 ms,146.45 ms,10.1331 ms,321.867 ms,15.9418 ms
es-copter,./09_realsense_filter,10/01/23 14:50:22.868528954 UTC,20231001_09_couch_box_Nano,7.16392 ms,8.64232 ms,2.59174 ms,14.8752 ms,2.40211 ms,2.48231 ms,1.34204 ms,39.4997 ms,163.848 ms,5.81693 ms,145.084 ms,10.207 ms,324.956 ms,16.0239 ms
es-copter,./09_realsense_filter,10/01/23 14:50:47.763814770 UTC,20231001_09_couch_box_Nano,7.93691 ms,9.52276 ms,3.11238 ms,15.3888 ms,2.48487 ms,2.53581 ms,1.34637 ms,42.328 ms,154.408 ms,2.81295 ms,145.906 ms,10.0962 ms,313.223 ms,12.9091 ms
es-copter,./09_realsense_filter,10/01/23 14:51:14.584439508 UTC,20231001_09_couch_box_Nano,7.81796 ms,8.50671 ms,2.55972 ms,14.7633 ms,2.4094 ms,2.50503 ms,1.33111 ms,39.8933 ms,167.538 ms,2.93545 ms,145.882 ms,10.1382 ms,326.494 ms,13.0736 ms
es-copter,./09_realsense_filter,10/01/23 14:51:28.8039639 UTC,20231001_09_couch_box_Nano,7.29727 ms,8.56099 ms,2.67451 ms,14.788 ms,2.38841 ms,2.5331 ms,1.29142 ms,39.5339 ms,168.714 ms,5.83387 ms,146.714 ms,10.0812 ms,331.342 ms,15.915 ms
es-copter,./09_realsense_filter,10/01/23 14:53:37.737752643 UTC,20231001_09_couch_box_Nano,7.8774 ms,8.61855 ms,2.62279 ms,15.208 ms,2.41363 ms,2.47925 ms,1.35945 ms,40.5792 ms,150.58 ms,5.77138 ms,145.456 ms,10.0879 ms,311.895 ms,15.8593 ms
es-copter,./09_realsense_filter,10/01/23 14:53:59.67224403 UTC,20231001_09_couch_box_Nano,7.32637 ms,8.53659 ms,2.70181 ms,15.4147 ms,2.38577 ms,2.49848 ms,1.28518 ms,40.149 ms,153.192 ms,5.78832 ms,145.412 ms,10.1629 ms,314.555 ms,15.9512 ms
ChrisLegion,./09_realsense_filter,10/08/23 15:38:52.268175030 UTC,20231008_09_couch_top_right_legion,4.16211 ms,17.0026 ms,16.4454 ms,8.07993 ms,1.04516 ms,0.936978 ms,0.423759 ms,48.0961 ms,14.8096 ms,0.517204 ms,27.4719 ms,1.80489 ms,44.6036 ms,2.32209 ms
ChrisLegion,./09_realsense_filter,10/08/23 15:39:28.569389220 UTC,20231008_09_couch_top_right_legion,1.60239 ms,13.2312 ms,13.1754 ms,3.95471 ms,0.912795 ms,0.685431 ms,0.375637 ms,33.9376 ms,12.52 ms,0.600308 ms,27.3269 ms,1.64964 ms,42.0969 ms,2.24995 ms
ChrisLegion,./09_realsense_filter,10/08/23 15:40:24.192166842 UTC,20231008_09_couch_middle_legion,4.21585 ms,17.4601 ms,15.3958 ms,4.4245 ms,0.745572 ms,0.572931 ms,0.311882 ms,43.1268 ms,8.32338 ms,0.509742 ms,28.7897 ms,1.66759 ms,39.2904 ms,2.17733 ms
ChrisLegion,./09_realsense_filter,10/08/23 15:40:50.336243096 UTC,20231008_09_couch_middle_legion,4.44111 ms,17.4228 ms,15.6288 ms,4.95308 ms,0.784131 ms,0.555424 ms,0.333751 ms,44.1193 ms,15.735 ms,0.55258 ms,30.3609 ms,1.78161 ms,48.4301 ms,2.33419 ms
ChrisLegion,./09_realsense_filter,10/14/23 10:31:13.806835016 UTC,20231014_09_couch_middle_no_box,3.75803 ms,17.4911 ms,16.7823 ms,3.13408 ms,1.09085 ms,1.24294 ms,0.353701 ms,43.8531 ms,23.313 ms,0.543153 ms,28.9261 ms,1.65706 ms,54.4392 ms,2.20021 ms
ChrisLegion,./09_realsense_filter,10/14/23 10:31:38.276096940 UTC,20231014_09_couch_middle_no_box,5.40561 ms,20.0313 ms,17.9063 ms,6.33964 ms,0.929178 ms,0.876326 ms,0.365998 ms,51.8546 ms,9.75454 ms,0.557079 ms,26.6606 ms,2.18793 ms,39.1602 ms,2.74501 ms
ChrisLegion,./09_realsense_filter,10/14/23 10:32:21.510159124 UTC,PCD not saved to files,4.72085 ms,17.3472 ms,15.8071 ms,3.80915 ms,1.03829 ms,1.04432 ms,0.361993 ms,44.129 ms,10.4822 ms,0.50393 ms,27.5467 ms,2.52267 ms,41.0555 ms,3.0266 ms
ChrisLegion,./09_realsense_filter,10/14/23 10:32:35.812507713 UTC,PCD not saved to files,1.46081 ms,13.9771 ms,26.3762 ms,4.65853 ms,0.938149 ms,0.697731 ms,0.356863 ms,48.4654 ms,14.1513 ms,0.523378 ms,31.0884 ms,1.69195 ms,47.4549 ms,2.21532 ms
ChrisLegion,./09_realsense_filter,10/14/23 10:33:11.482629346 UTC,20231014_09_couch_middle_no_box,2.58793 ms,23.4267 ms,13.4215 ms,4.18298 ms,2.26314 ms,2.33924 ms,0.852255 ms,49.0738 ms,19.03 ms,0.625318 ms,30.5571 ms,1.8553 ms,52.0677 ms,2.48061 ms
ChrisLegion,./09_realsense_filter,10/14/23 10:33:21.801278157 UTC,20231014_09_couch_middle_no_box,4.5106 ms,30.4165 ms,16.2697 ms,6.46791 ms,0.907169 ms,0.685306 ms,0.367088 ms,59.6244 ms,8.8849 ms,0.55163 ms,26.1778 ms,1.65491 ms,37.2693 ms,2.20654 ms
ChrisLegion,./09_realsense_filter,10/14/23 10:33:59.988744276 UTC,20231014_09_couch_middle_no_box,2.5219 ms,15.1637 ms,14.3932 ms,4.14524 ms,0.859789 ms,0.54975 ms,0.306674 ms,37.9403 ms,11.0424 ms,0.604045 ms,27.5306 ms,2.1932 ms,41.3702 ms,2.79725 ms
ChrisLegion,./09_realsense_filter,10/14/23 10:34:24.697658626 UTC,20231014_09_couch_middle_no_box,4.5911 ms,20.6561 ms,17.7631 ms,5.34979 ms,0.859503 ms,0.635867 ms,0.385594 ms,50.2412 ms,10.2235 ms,0.61332 ms,30.2272 ms,1.81775 ms,42.8818 ms,2.43107 ms
ChrisLegion,./09_realsense_filter,10/14/23 10:35:45.889207170 UTC,20231014_09_couch_middle_no_box,4.06537 ms,30.6528 ms,17.3407 ms,5.61383 ms,0.89631 ms,0.661482 ms,0.403163 ms,59.6338 ms,20.9335 ms,0.651274 ms,52.2409 ms,1.87189 ms,75.6975 ms,2.52317 ms
ChrisLegion,./09_realsense_filter,10/14/23 10:36:05.11086988 UTC,20231014_09_couch_middle_no_box,3.64005 ms,17.1007 ms,14.8587 ms,2.42726 ms,0.618693 ms,0.500694 ms,0.292907 ms,39.4392 ms,10.0663 ms,0.60449 ms,27.7437 ms,1.76097 ms,40.1755 ms,2.36546 ms
ChrisLegion,./09_realsense_filter,10/14/23 15:01:17.502775472 UTC,PCD not saved to files,3.83125 ms,16.9233 ms,16.1024 ms,3.05833 ms,1.20638 ms,1.21805 ms,0.361289 ms,42.7011 ms,8.85417 ms,0.526498 ms,27.2023 ms,1.70175 ms,38.2847 ms,2.22824 ms
ChrisLegion,./09_realsense_filter,10/14/23 15:02:16.749863208 UTC,PCD not saved to files,3.50742 ms,17.8277 ms,15.8607 ms,4.12822 ms,0.739874 ms,0.549039 ms,0.31825 ms,42.9314 ms,8.3849 ms,0.803751 ms,28.8771 ms,1.66762 ms,39.7333 ms,2.47137 ms
ChrisLegion,./09_realsense_filter,10/14/23 15:02:32.52541745 UTC,20231014_newscene.pcd,3.91633 ms,17.0061 ms,17.1683 ms,6.50122 ms,0.979937 ms,0.731668 ms,0.400426 ms,46.7041 ms,12.0628 ms,0.600209 ms,25.9331 ms,1.7825 ms,40.3786 ms,2.38271 ms
ChrisLegion,./09_realsense_filter,10/14/23 15:02:59.365040057 UTC,20231014_newscene2.pcd,3.97642 ms,16.2728 ms,13.444 ms,5.50291 ms,1.07004 ms,0.805621 ms,0.409323 ms,41.4812 ms,10.7271 ms,0.523505 ms,27.5789 ms,2.26627 ms,41.0958 ms,2.78978 ms
ChrisLegion,./09_realsense_filter,10/14/23 15:03:24.805363462 UTC,20231014_newscene3.pcd,4.25183 ms,16.0864 ms,14.8738 ms,3.37491 ms,0.667358 ms,0.525261 ms,0.2792 ms,40.0588 ms,10.071 ms,0.590939 ms,29.2991 ms,1.7145 ms,41.6755 ms,2.30544 ms
ChrisLegion,./09_realsense_filter,10/14/23 15:03:46.126992276 UTC,20231014_newscene4.pcd,3.70355 ms,28.8181 ms,15.4304 ms,4.83821 ms,0.864839 ms,0.618432 ms,0.333587 ms,54.6072 ms,10.2469 ms,0.548824 ms,27.397 ms,1.70837 ms,39.9011 ms,2.25719 ms
ChrisLegion,./09_realsense_filter,10/14/23 15:03:59.303825705 UTC,20231014_newscene4.pcd,4.09969 ms,18.4993 ms,17.6836 ms,5.89961 ms,0.962409 ms,0.687683 ms,0.375162 ms,48.2077 ms,9.84243 ms,0.555811 ms,26.9878 ms,1.72565 ms,39.1117 ms,2.28146 ms
ChrisLegion,./09_realsense_filter,10/14/23 15:04:24.308260875 UTC,20231014_newscene5.pcd,4.1111 ms,18.2525 ms,16.5865 ms,4.88718 ms,0.775517 ms,0.578333 ms,0.325393 ms,45.5166 ms,10.5231 ms,0.504954 ms,27.088 ms,2.0442 ms,40.1602 ms,2.54916 ms
ChrisLegion,./09_realsense_filter,10/14/23 15:04:48.294602068 UTC,20231014_newscene6.pcd,4.17793 ms,17.4557 ms,16.0265 ms,5.13543 ms,0.84064 ms,0.637282 ms,0.334176 ms,44.6078 ms,10.3762 ms,0.808387 ms,27.4461 ms,1.65418 ms,40.2848 ms,2.46257 ms
ChrisLegion,./09_realsense_filter,10/14/23 15:05:08.647445333 UTC,20231014_newscene7.pcd,4.1175 ms,17.9383 ms,16.9354 ms,5.52321 ms,1.06297 ms,0.711432 ms,0.372631 ms,46.6617 ms,8.23338 ms,0.570503 ms,25.3571 ms,1.76635 ms,35.9273 ms,2.33685 ms
ChrisLegion,./09_realsense_filter,12/01/23 13:25:00.698964893 UTC,20231129_4_test,2.04633 ms,0.926429 ms,0.259491 ms,2.01968 ms,1.31137 ms,0.67016 ms,0.196348 ms,7.42985 ms,21.2695 ms,0.274116 ms,53.9853 ms,2.02459 ms,77.5536 ms,2.2987 ms
ChrisLegion,./09_realsense_filter,12/01/23 14:39:23.151406912 UTC,20231129_4_test,2.25179 ms,1.11102 ms,1.56058 ms,2.23292 ms,1.08195 ms,2.08943 ms,1.01217 ms,11.3399 ms,32.7275 ms,0.711707 ms,63.018 ms,1.60559 ms,98.0628 ms,2.3173 ms
ChrisLegion,./09_realsense_filter,12/01/23 14:45:12.127475287 UTC,20231129_9_test,1.81696 ms,0.88667 ms,0.211946 ms,2.17559 ms,0.624678 ms,0.557899 ms,0.215493 ms,6.48928 ms,14.0595 ms,0.362858 ms,33.7482 ms,1.69025 ms,49.8608 ms,2.05311 ms
ChrisLegion,./09_realsense_filter,12/01/23 14:46:10.587775829 UTC,20231129_4_test,1.6388 ms,0.796282 ms,0.160448 ms,2.29964 ms,0.439607 ms,0.399738 ms,0.181919 ms,5.91648 ms,9.49049 ms,0.357716 ms,27.5007 ms,1.8822 ms,39.2311 ms,2.23992 ms
ChrisLegion,./09_realsense_filter,12/02/23 07:06:19.476291679 UTC,20231129_8_test,2.47408 ms,0.872697 ms,0.844481 ms,2.50696 ms,0.515772 ms,0.460391 ms,0.192987 ms,7.8674 ms,10.0784 ms,0.232457 ms,27.9758 ms,1.94727 ms,40.2339 ms,2.17972 ms
ChrisLegion,./09_realsense_filter,12/02/23 08:17:57.982947344 UTC,20231129_9_test2,1.72726 ms,1.66311 ms,0.42124 ms,6.91246 ms,1.03181 ms,0.005748 ms,0.209838 ms,11.9715 ms,11 ms,2.54395 ms,27.7042 ms,6.78005 ms,48.0282 ms,9.32401 ms
ChrisLegion,./09_realsense_filter,12/02/23 09:12:10.811933086 UTC,20231129_9_test3,3.62562 ms,1.64778 ms,0.159086 ms,6.10963 ms,2.75942 ms,0.002963 ms,2.1394 ms,16.444 ms,37.7827 ms,5.42507 ms,52.6427 ms,14.9779 ms,110.828 ms,20.403 ms
ChrisLegion,./09_realsense_filter,12/02/23 12:40:10.318604200 UTC,20231129_9_test4,2.1343 ms,2.13809 ms,0.349602 ms,7.96844 ms,1.23282 ms,0.004062 ms,0.168656 ms,13.996 ms,9.55396 ms,1.65959 ms,25.3149 ms,6.47091 ms,42.9994 ms,8.13051 ms
ChrisLegion,./09_realsense_filter,12/08/23 15:19:52.300980493 UTC,PCD not saved to files,3.45841 ms,16.9284 ms,14.7822 ms,9.25097 ms,2.00775 ms,0.003341 ms,0.199611 ms,46.6309 ms,10.9374 ms,5.1033 ms,26.5904 ms,26.8031 ms,69.4342 ms,31.9064 ms
ChrisLegion,./09_realsense_filter,12/08/23 15:20:24.890995561 UTC,PCD not saved to files,4.23713 ms,19.2506 ms,14.2605 ms,7.32003 ms,1.64954 ms,0.002842 ms,0.16224 ms,46.8831 ms,9.7517 ms,5.35663 ms,26.7803 ms,25.5249 ms,67.4135 ms,30.8815 ms
ChrisLegion,./10_realsense_filter_v2,12/08/23 15:24:00.494074031 UTC,PCD not saved to files,4.27495 ms,19.9607 ms,16.057 ms,5.57351 ms,1.5251 ms,0.004743 ms,0.170581 ms,47.5668 ms,9.42382 ms,4.64212 ms,26.5125 ms,27.3638 ms,67.9422 ms,32.0059 ms
ChrisLegion,./09_realsense_filter,12/08/23 16:10:24.53503476 UTC,PCD not saved to files,1.46719 ms,14.7825 ms,0.167383 ms,21.4569 ms,0.916918 ms,0.002907 ms,0.152003 ms,38.9459 ms,10.2314 ms,4.94898 ms,27.9218 ms,28.7679 ms,71.8701 ms,33.7169 ms
ChrisLegion,./09_realsense_filter,12/08/23 16:12:00.822550216 UTC,PCD not saved to files,1.47357 ms,16.0519 ms,0.19588 ms,30.936 ms,0.983003 ms,0.004334 ms,0.167747 ms,49.8125 ms,9.35566 ms,1.66232 ms,26.8527 ms,7.68281 ms,45.5534 ms,9.34512 ms
ChrisLegion,./10_realsense_filter_v2,12/08/23 16:12:29.954117619 UTC,PCD not saved to files,1.89944 ms,14.7661 ms,0.19063 ms,26.3861 ms,0.946855 ms,0.002956 ms,0.170143 ms,44.3622 ms,8.99777 ms,1.61939 ms,28.0849 ms,6.85216 ms,45.5543 ms,8.47155 ms
ChrisLegion,./10_realsense_filter_v2,12/08/23 16:12:57.860966374 UTC,PCD not saved to files,4.6494 ms,21.6859 ms,0.358837 ms,32.1598 ms,0.866005 ms,0.002504 ms,0.136312 ms,59.859 ms,7.59443 ms,1.816 ms,31.0538 ms,6.29368 ms,46.7579 ms,8.10968 ms
ChrisLegion,./09_realsense_filter,12/08/23 16:13:21.77413366 UTC,PCD not saved to files,2.93267 ms,15.9313 ms,0.211213 ms,29.2351 ms,0.989538 ms,0.001941 ms,0.150416 ms,49.4523 ms,11.4593 ms,1.74188 ms,28.352 ms,7.06958 ms,48.6227 ms,8.81146 ms
ChrisLegion,./09_realsense_filter,12/08/23 16:15:11.900968160 UTC,PCD not saved to files,2.33368 ms,15.7637 ms,0.238046 ms,34.8931 ms,1.37609 ms,0.008318 ms,0.163204 ms,54.7762 ms,9.69158 ms,1.85054 ms,30.111 ms,6.68674 ms,48.3398 ms,8.53728 ms
ChrisLegion,./10_realsense_filter_v2,12/08/23 16:19:09.485227247 UTC,PCD not saved to files,1.62207 ms,16.5624 ms,15.3255 ms,9.70331 ms,1.38406 ms,0.002122 ms,0.547289 ms,45.1467 ms,8.46092 ms,1.9223 ms,29.1197 ms,8.22091 ms,47.7239 ms,10.1432 ms
ChrisLegion,./09_realsense_filter,12/08/23 16:21:10.642520373 UTC,PCD not saved to files,2.44962 ms,15.0082 ms,23.7451 ms,8.05858 ms,1.34944 ms,0.00363 ms,0.58251 ms,51.1971 ms,10.481 ms,1.51461 ms,24.8563 ms,6.29049 ms,43.1424 ms,7.8051 ms
ChrisLegion,./09_realsense_filter,12/08/23 16:21:42.786634506 UTC,PCD not saved to files,5.27211 ms,35.0481 ms,18.37 ms,11.3118 ms,1.45436 ms,0.003418 ms,0.547365 ms,72.0074 ms,9.13746 ms,1.75622 ms,25.9775 ms,6.58132 ms,43.4525 ms,8.33754 ms
ChrisLegion,./10_realsense_filter_v2,12/08/23 16:22:31.334238097 UTC,PCD not saved to files,2.29487 ms,15.7028 ms,14.3873 ms,7.49073 ms,1.46995 ms,0.005041 ms,0.635708 ms,41.9865 ms,11.6885 ms,1.79619 ms,27.3737 ms,9.56489 ms,50.4233 ms,11.3611 ms
ChrisLegion,./09_realsense_filter,12/08/23 16:38:52.221557600 UTC,PCD not saved to files,2.69839 ms,16.7934 ms,12.6571 ms,8.60816 ms,1.32095 ms,0.003558 ms,0.579134 ms,42.6608 ms,9.29919 ms,2.10399 ms,27.9075 ms,6.91352 ms,46.2242 ms,9.01752 ms
ChrisLegion,./10_realsense_filter_v2,12/08/23 16:39:47.977521767 UTC,PCD not saved to files,2.99847 ms,15.3647 ms,13.965 ms,7.05057 ms,1.50887 ms,0.00581 ms,0.640436 ms,41.534 ms,7.53846 ms,2.26085 ms,27.873 ms,7.48873 ms,45.161 ms,9.74959 ms
ChrisLegion,./10_realsense_filter_v2,12/08/23 16:40:17.288723424 UTC,PCD not saved to files,4.30511 ms,17.7186 ms,13.0303 ms,8.31631 ms,1.57673 ms,0.006949 ms,0.657704 ms,45.6119 ms,11.6573 ms,2.05251 ms,28.5437 ms,6.64743 ms,48.9009 ms,8.69994 ms
ChrisLegion,./10_realsense_filter_v2,12/08/23 16:42:30.694342725 UTC,20231208_testrecord.pcd,3.34073 ms,18.0941 ms,15.5971 ms,11.2068 ms,1.46314 ms,0.002724 ms,0.545234 ms,50.2498 ms,8.15179 ms,1.57295 ms,27.134 ms,8.11857 ms,44.9774 ms,9.69152 ms
ChrisLegion,./10_realsense_filter_v2,12/08/23 16:45:40.680915896 UTC,20231208_testrecord2.pcd,2.53779 ms,15.5642 ms,13.3663 ms,7.26562 ms,1.27913 ms,0.002931 ms,0.517613 ms,40.5337 ms,10.4554 ms,1.99993 ms,26.7349 ms,7.03256 ms,46.2228 ms,9.03249 ms
ChrisLegion,/home/christian/pcl_projects/01_feature_ext/build/10_realsense_filter_v2,12/08/23 16:51:05.740625822 UTC,PCD not saved to files,1.74635 ms,15.0913 ms,13.1732 ms,8.23377 ms,1.33064 ms,0.002229 ms,0.557509 ms,40.1351 ms,9064.67 ms,2.69068 ms,28.6173 ms,6.42537 ms,9102.4 ms,9.11605 ms
ChrisLegion,./10_realsense_filter_v2,12/10/23 10:12:28.395558984 UTC,20231210_hoffice_1,1.53361 ms,15.5364 ms,12.9399 ms,8.57388 ms,1.29754 ms,0.003721 ms,0.562302 ms,40.4474 ms,9.20312 ms,1.82378 ms,28.1835 ms,15.857 ms,55.0674 ms,17.6807 ms
ChrisLegion,./10_realsense_filter_v2,12/10/23 10:13:23.426792476 UTC,20231210_hoffice_2,4.57674 ms,19.8775 ms,16.0314 ms,10.5679 ms,1.25124 ms,0.002732 ms,0.520851 ms,52.8285 ms,8.39447 ms,2.21134 ms,26.8783 ms,7.49098 ms,44.9751 ms,9.70232 ms
ChrisLegion,./10_realsense_filter_v2,12/10/23 14:39:22.681520240 UTC,PCD not saved to files,5.24671 ms,19.4371 ms,14.4941 ms,7.8823 ms,1.2628 ms,0.002253 ms,0.544164 ms,48.8697 ms,8.56263 ms,1.65569 ms,27.5869 ms,7.72365 ms,45.5289 ms,9.37934 ms
ChrisLegion,./10_realsense_filter_v2,12/10/23 14:40:52.955976590 UTC,test1.pcd,2.71579 ms,23.6024 ms,14.5313 ms,7.62567 ms,1.28804 ms,0.001593 ms,0.552273 ms,50.3172 ms,9.51987 ms,1.6529 ms,32.6467 ms,7.63057 ms,51.4501 ms,9.28347 ms
